"Name","Team","PA","BB%","K%","BB/K","SB","OBP","SLG","OPS","ISO","Spd","BABIP","wRC","wRAA","wOBA","wRC+","playerid"
"Alex Guerrero","Dodgers","24","4.2 %","8.3 %","0.50","0",".375",".826","1.201",".478","0.1",".278","6","3.8",".510","232","15670"
"Rusney Castillo","Red Sox","32","9.4 %","15.6 %","0.60","2",".438",".607","1.045",".250","5.7",".381","7","3.6",".456","195","17016"
"Kris Bryant","Cubs","39","17.9 %","17.9 %","1.00","0",".513",".484",".997",".097","1.2",".500","9","4.1",".447","185","15429"
"Garin Cecchini","Red Sox","30","10.0 %","26.7 %","0.38","0",".433",".560",".993",".240","2.6",".438","6","2.9",".435","181","11608"
"Devon Travis","Blue Jays","64","6.3 %","18.8 %","0.33","1",".406",".569",".975",".224","5.1",".395","13","5.7",".425","170","13862"
"Mike Trout","Angels","1117","12.4 %","22.3 %","0.55","45",".402",".574",".976",".263","7.4",".365","211","89.6",".415","174","10155"
"Miguel Cabrera","Tigers","1064","10.5 %","15.7 %","0.67","5",".405",".563",".968",".231","2.5",".357","200","84.1",".413","165","1744"
"David Ortiz","Red Sox","856","15.1 %","15.1 %","1.00","3",".398",".573",".971",".279","2.5",".294","155","62.0",".404","157","745"
"Joey Votto","Reds","762","19.7 %","16.8 %","1.17","7",".445",".485",".930",".178","3.2",".354","138","54.6",".404","159","4314"
"Adam Lind","Brewers","772","10.2 %","15.5 %","0.66","1",".395",".540",".935",".213","2.4",".361","139","54.5",".403","157","8027"
"Corey Dickerson","Rockies","616","7.5 %","19.2 %","0.39","8",".364",".580",".944",".265","5.7",".350","111","43.7",".403","143","10762"
"Jose Abreu","White Sox","518","6.8 %","20.7 %","0.33","2",".369",".571",".940",".262","3.1",".343","93","36.7",".402","158","15676"
"Freddie Freeman","Braves","989","12.1 %","19.0 %","0.64","3",".400",".520",".920",".204","3.2",".368","174","66.2",".398","157","5361"
"Troy Tulowitzki","Rockies","722","10.0 %","17.3 %","0.58","1",".380",".538",".917",".228","2.6",".335","126","47.0",".396","138","3531"
"Chris Davis","Orioles","851","13.3 %","31.8 %","0.42","5",".367",".571",".938",".310","3.2",".322","148","55.8",".396","153","9272"
"Paul Goldschmidt","Diamondbacks","987","13.5 %","23.2 %","0.58","23",".391",".530",".922",".237","4.9",".355","171","63.7",".395","150","9218"
"Robinson Cano","Mariners","892","9.8 %","10.3 %","0.95","12",".397",".526",".923",".199","3.9",".337","154","56.6",".394","154","3269"
"Joc Pederson","Dodgers","95","23.2 %","27.4 %","0.85","1",".436",".457",".893",".200","2.3",".357","17","6.3",".393","156","11899"
"Yasiel Puig","Dodgers","841","8.8 %","21.5 %","0.41","20",".381",".509",".890",".204","5.8",".370","141","49.7",".388","153","14225"
"Andrew McCutchen","Pirates","1151","11.7 %","17.3 %","0.68","38",".394",".499",".894",".196","5.5",".344","192","66.9",".387","151","9847"
"Michael Cuddyer","Mets","608","6.6 %","18.6 %","0.35","7",".370",".517",".887",".193","4.6",".372","101","34.0",".384","133","1534"
"Adrian Gonzalez","Dodgers","995","8.5 %","14.1 %","0.61","1",".364",".531",".895",".222","1.7",".316","162","54.2",".382","149","1908"
"Shin-Soo Choo","Rangers","904","14.7 %","20.4 %","0.72","19",".400",".463",".863",".188","4.1",".326","148","49.1",".381","143","3174"
"Lucas Duda","Mets","811","13.1 %","21.3 %","0.61","2",".371",".510",".881",".247","1.8",".291","132","43.5",".381","149","2502"
"Edwin Encarnacion","Blue Jays","998","11.6 %","13.8 %","0.84","7",".351",".535",".885",".272","2.9",".244","162","53.3",".381","142","2151"
"Alex Rodriguez","Yankees","167","10.8 %","26.9 %","0.40","2",".347",".534",".881",".270","3.7",".312","27","8.8",".380","139","1274"
"Jose Bautista","Blue Jays","1009","14.7 %","16.2 %","0.91","9",".376",".492",".868",".230","2.9",".267","162","51.9",".378","140","1887"
"Hanley Ramirez","Red Sox","702","8.1 %","15.4 %","0.53","22",".365",".502",".867",".201","4.7",".325","113","36.2",".378","145","8001"
"Bryce Harper","Nationals","697","11.5 %","22.7 %","0.51","8",".374",".502",".877",".213","3.8",".340","112","35.8",".378","142","11579"
"Carlos Gonzalez","Rockies","539","10.0 %","24.3 %","0.41","21",".341",".535",".877",".270","7.5",".307","86","27.3",".377","125","7287"
"Justin Morneau","Rockies","933","7.9 %","12.1 %","0.65","0",".370",".499",".869",".188","2.2",".325","148","46.1",".376","132","1737"
"Matt Carpenter","Cardinals","1051","12.5 %","13.8 %","0.90","6",".398",".451",".849",".144","4.5",".349","166","51.3",".374","142","8090"
"Giancarlo Stanton","Marlins","957","13.7 %","30.1 %","0.45","14",".367",".501",".867",".240","3.6",".338","150","46.1",".374","139","4949"
"Matt Adams","Cardinals","755","6.1 %","19.6 %","0.31","3",".351",".508",".859",".198","3.0",".356","117","34.8",".371","139","9393"
"Justin Turner","Dodgers","362","7.2 %","18.2 %","0.39","5",".380",".459",".838",".134","3.5",".388","55","16.1",".369","140","5235"
"Anthony Rizzo","Cubs","986","11.8 %","18.3 %","0.64","11",".363",".490",".853",".222","3.8",".293","151","43.6",".369","134","3473"
"Bobby Wilson","Rays","11","18.2 %","9.1 %","2.00","0",".455",".333",".788",".000","0.1",".375","2","0.5",".369","138","6564"
"Scott Van Slyke","Dodgers","207","9.7 %","29.0 %","0.33","3",".357",".484",".841",".201","4.0",".376","32","9.2",".369","139","4365"
"Michael Brantley","Indians","896","7.0 %","7.4 %","0.95","35",".365",".480",".845",".163","5.4",".320","136","39.0",".368","139","4106"
"David Peralta","Diamondbacks","311","4.5 %","14.5 %","0.31","5",".335",".514",".849",".209","5.9",".326","47","13.7",".368","131","2136"
"Max Stassi","Astros","20","0.0 %","30.0 %","0.00","0",".400",".421",".821",".053","1.3",".538","3","0.9",".368","137","10059"
"Jorge Soler","Cubs","144","6.3 %","30.6 %","0.20","1",".319",".530",".850",".258","4.8",".349","22","6.2",".366","132","14221"
"Jayson Werth","Nationals","931","11.0 %","18.8 %","0.58","17",".373",".455",".828",".169","4.0",".331","140","38.6",".365","133","1327"
"Kyle Seager","Mariners","917","10.9 %","16.1 %","0.68","12",".362",".470",".833",".192","3.7",".301","137","37.6",".365","137","9785"
"Matt Holliday","Cardinals","1018","9.8 %","14.2 %","0.69","6",".368",".457",".826",".173","3.4",".305","152","41.1",".364","134","1873"
"Victor Martinez","Tigers","959","10.6 %","7.4 %","1.44","2",".384",".468",".852",".156","1.3",".309","142","38.1",".364","131","393"
"Kevin Kiermaier","Rays","327","7.0 %","17.7 %","0.40","5",".335",".505",".840",".226","5.6",".313","49","13.3",".363","139","11038"
"Matt Davidson","White Sox","57","10.5 %","26.3 %","0.40","0",".333",".500",".833",".260","1.7",".281","8","2.2",".363","128","7226"
"Adam LaRoche","White Sox","929","14.6 %","18.9 %","0.77","6",".371",".465",".837",".203","3.5",".287","137","36.3",".362","131","1904"
"Josmil Pinto","Twins","191","8.9 %","24.1 %","0.37","0",".346",".485",".831",".207","1.7",".325","28","7.6",".362","132","6806"
"Steve Pearce","Orioles","365","10.1 %","23.0 %","0.44","3",".351",".467",".818",".202","3.0",".311","54","14.3",".362","131","9957"
"Adrian Beltre","Rangers","1030","6.6 %","11.2 %","0.59","3",".357",".478",".835",".171","2.5",".317","152","39.7",".362","126","639"
"Daniel Nava","Red Sox","777","8.9 %","17.1 %","0.52","2",".384",".430",".813",".129","2.2",".353","114","29.7",".361","127","5450"
"Scooter Gennett","Brewers","649","5.1 %","14.6 %","0.35","7",".354",".480",".834",".160","4.2",".358","95","24.6",".360","127","10339"
"Pablo Sandoval","Red Sox","915","7.3 %","12.7 %","0.58","0",".363",".463",".826",".156","2.0",".329","134","34.0",".360","135","5409"
"Brandon Belt","Giants","649","9.9 %","23.1 %","0.43","8",".353",".474",".827",".198","4.5",".333","95","23.7",".359","136","10264"
"Colby Rasmus","Astros","653","7.8 %","31.1 %","0.25","4",".323",".505",".828",".244","4.2",".340","95","24.2",".359","127","9893"
"Brandon Moss","Indians","938","10.8 %","25.4 %","0.42","5",".336",".495",".830",".249","3.7",".282","136","34.4",".359","132","4467"
"Francisco Cervelli","Pirates","203","7.9 %","21.7 %","0.36","1",".371",".433",".805",".139","2.1",".376","30","7.5",".359","129","5275"
"Nelson Cruz","Mariners","922","6.3 %","23.4 %","0.27","8",".312",".518",".831",".257","2.9",".281","133","33.3",".358","126","2434"
"Neil Walker","Pirates","975","8.4 %","15.6 %","0.54","4",".345",".475",".819",".208","3.6",".284","141","34.9",".358","131","7539"
"Justin Bour","Marlins","84","11.9 %","20.2 %","0.59","0",".405",".392",".797",".068","1.0",".411","12","3.0",".357","127","9744"
"Prince Fielder","Rangers","616","12.5 %","14.9 %","0.84","1",".378",".443",".820",".162","1.6",".310","88","20.6",".356","123","4613"
"Joe Mauer","Twins","749","12.6 %","17.2 %","0.73","2",".386",".433",".818",".133","2.6",".359","107","25.2",".355","126","1857"
"Carlos Gomez","Brewers","984","6.4 %","24.5 %","0.26","61",".340",".473",".813",".192","7.0",".347","140","33.1",".355","124","4881"
"John Jaso","Rays","538","11.9 %","16.9 %","0.70","4",".370",".429",".799",".153","4.3",".319","76","18.2",".355","130","5887"
"Charlie Blackmon","Rockies","747","5.6 %","15.5 %","0.36","28",".352",".462",".814",".158","5.9",".341","107","25.5",".355","110","7859"
"Buster Posey","Giants","911","9.1 %","12.0 %","0.76","2",".363",".448",".812",".152","1.8",".310","129","30.0",".354","132","9166"
"Justin Maxwell","Giants","213","7.5 %","32.4 %","0.23","2",".338",".466",".804",".204","5.0",".363","30","6.8",".354","125","6827"
"Matt Kemp","Padres","717","7.9 %","26.2 %","0.30","14",".339",".468",".807",".186","4.7",".357","101","22.9",".353","129","5631"
"Carlos Beltran","Yankees","774","8.0 %","16.0 %","0.50","3",".340",".468",".809",".187","2.8",".302","109","24.3",".352","126","589"
"Russell Martin","Blue Jays","821","11.2 %","19.4 %","0.58","11",".361",".431",".793",".171","2.7",".299","115","25.3",".352","127","4616"
"Carlos Santana","Indians","924","17.1 %","19.2 %","0.89","9",".365",".425",".789",".194","2.6",".252","129","28.2",".351","127","2396"
"Paulo Orlando","Royals","26","3.8 %","26.9 %","0.14","1",".308",".520",".828",".240","8.2",".389","4","0.8",".351","122","8628"
"Christian Yelich","Marlins","712","11.5 %","21.1 %","0.55","28",".376",".407",".783",".115","6.1",".369","98","21.2",".349","122","11477"
"Rafael Ynoa","Rockies","63","6.3 %","15.9 %","0.40","0",".365",".424",".789",".102","2.9",".388","9","1.9",".349","107","2832"
"Danny Santana","Twins","347","3.5 %","20.5 %","0.17","13",".343",".451",".794",".137","7.1",".387","48","10.1",".349","124","10322"
"Ben Paulsen","Rockies","54","3.7 %","29.6 %","0.13","0",".352",".451",".803",".137","1.0",".441","7","1.6",".349","106","9741"
"Jake Lamb","Diamondbacks","144","7.6 %","22.9 %","0.33","1",".333",".462",".795",".182","3.7",".337","20","4.4",".349","118","13329"
"Coco Crisp","Athletics","745","12.5 %","10.5 %","1.19","32",".358",".434",".793",".163","6.5",".276","102","21.3",".349","125","1572"
"Andre Ethier","Dodgers","767","11.1 %","16.7 %","0.66","6",".366",".433",".799",".157","4.2",".322","105","22.0",".348","126","6265"
"Enrique Hernandez","Dodgers","99","7.1 %","17.2 %","0.41","0",".323",".473",".796",".209","3.8",".296","14","2.9",".348","123","10472"
"Pedro Alvarez","Pirates","886","8.7 %","26.2 %","0.33","9",".317",".493",".810",".245","4.0",".280","121","24.4",".347","124","2495"
"Jonathan Lucroy","Brewers","989","9.2 %","11.6 %","0.79","10",".348",".443",".791",".163","3.8",".295","135","27.1",".347","118","7870"
"J.D. Martinez","Tigers","627","4.1 %","26.0 %","0.16","6",".323",".481",".804",".188","3.5",".365","85","17.3",".347","121","6184"
"Jason Heyward","Cardinals","864","10.9 %","14.5 %","0.75","14",".360",".422",".782",".146","4.3",".306","117","23.7",".347","122","4940"
"Kole Calhoun","Angels","641","7.8 %","18.4 %","0.42","6",".330",".464",".794",".188","5.3",".306","87","17.8",".347","127","11200"
"Seth Smith","Mariners","825","11.2 %","18.5 %","0.60","1",".352",".439",".791",".174","3.3",".311","112","22.4",".347","124","7331"
"Denard Span","Nationals","996","6.5 %","9.6 %","0.68","37",".354",".435",".789",".127","7.1",".335","135","26.6",".346","120","8347"
"Albert Pujols","Angels","935","8.2 %","11.6 %","0.71","5",".336",".465",".801",".193","2.7",".268","127","25.2",".346","126","1177"
"Josh Donaldson","Blue Jays","1058","10.4 %","19.5 %","0.53","12",".351",".433",".784",".163","4.0",".312","143","28.4",".346","123","5038"
"Oswaldo Arcia","Twins","564","8.2 %","30.3 %","0.27","2",".321",".480",".801",".232","2.8",".314","76","14.7",".346","120","10306"
"Stephen Vogt","Athletics","436","6.4 %","15.6 %","0.41","1",".339",".460",".799",".168","2.9",".318","59","11.8",".346","123","5000"
"Josh Reddick","Athletics","634","8.7 %","16.7 %","0.52","11",".330",".466",".795",".197","6.6",".294","85","16.3",".345","123","3892"
"George Springer","Astros","319","9.7 %","34.2 %","0.28","11",".317",".470",".786",".235","5.5",".306","43","8.6",".345","122","12856"
"Melky Cabrera","White Sox","773","6.9 %","12.0 %","0.57","8",".353",".430",".783",".123","4.3",".335","104","19.9",".345","117","4022"
"James Loney","Rays","915","7.8 %","10.6 %","0.73","5",".355",".431",".786",".128","2.3",".322","122","23.1",".344","125","4556"
"Justin Upton","Padres","1053","8.1 %","25.9 %","0.31","16",".328",".459",".787",".195","4.5",".324","141","26.1",".344","120","5222"
"Adam Jones","Orioles","1049","1.9 %","19.3 %","0.10","17",".307",".482",".789",".197","5.0",".310","139","25.1",".342","116","6368"
"Eric Hosmer","Royals","881","8.5 %","15.3 %","0.56","13",".348",".435",".783",".147","4.6",".325","116","20.6",".342","117","3516"
"Luis Valbuena","Astros","870","12.5 %","17.5 %","0.72","3",".339",".439",".778",".198","2.9",".261","115","20.1",".342","115","4969"
"Geovany Soto","White Sox","183","9.3 %","29.0 %","0.32","0",".320",".457",".778",".207","1.3",".320","24","4.1",".341","112","3707"
"Michael McKenry","Rockies","250","6.0 %","21.6 %","0.28","2",".333",".442",".775",".160","2.0",".337","33","5.7",".341","108","9628"
"Mookie Betts","Red Sox","231","11.7 %","13.0 %","0.90","10",".358",".399",".757",".136","5.1",".287","31","5.4",".341","115","13611"
"Khris Davis","Brewers","583","6.9 %","21.3 %","0.32","4",".317",".457",".775",".205","3.8",".290","76","13.2",".340","114","9112"
"Anthony Rendon","Nationals","786","8.1 %","16.8 %","0.48","12",".336",".437",".774",".168","5.5",".303","102","17.0",".340","116","12861"
"Brett Gardner","Yankees","903","9.0 %","18.9 %","0.47","44",".342",".427",".769",".157","7.2",".317","118","19.6",".340","114","9927"
"David DeJesus","Rays","690","10.1 %","16.7 %","0.61","5",".346",".419",".765",".158","3.6",".302","90","14.5",".340","119","1825"
"Angel Pagan","Giants","545","6.6 %","10.8 %","0.61","21",".355",".414",".769",".104","6.6",".342","71","11.7",".339","122","2918"
"Justin Smoak","Blue Jays","558","12.9 %","23.8 %","0.54","0",".335",".430",".765",".198","1.1",".268","73","11.8",".339","118","9054"
"Ryan Zimmerman","Nationals","714","8.1 %","21.7 %","0.37","5",".328",".446",".774",".175","3.7",".316","93","14.7",".339","115","4220"
"Jacoby Ellsbury","Yankees","899","7.5 %","13.6 %","0.55","73",".343",".433",".776",".143","7.6",".319","117","19.2",".339","113","4727"
"Hunter Pence","Giants","1014","6.9 %","17.8 %","0.39","30",".326",".448",".774",".173","6.6",".308","131","20.7",".338","121","8252"
"Todd Frazier","Reds","1006","8.0 %","19.5 %","0.41","23",".329",".436",".766",".179","4.5",".288","130","20.4",".338","113","785"
"Ike Davis","Athletics","761","15.9 %","20.2 %","0.79","3",".363",".397",".759",".152","1.8",".290","98","15.5",".338","118","8433"
"Chase Utley","Phillies","870","7.4 %","13.7 %","0.54","10",".343",".443",".786",".160","5.2",".306","112","17.3",".338","115","1679"
"Roberto Perez","Indians","96","4.2 %","28.1 %","0.15","0",".319",".448",".767",".161","1.2",".386","12","2.0",".337","119","2900"
"Carl Crawford","Dodgers","704","4.8 %","14.5 %","0.33","38",".337",".432",".769",".132","6.7",".337","90","13.5",".337","118","1201"
"Juan Uribe","Dodgers","677","5.0 %","17.6 %","0.29","5",".338",".430",".768",".128","3.3",".351","87","12.9",".336","117","454"
"Jhonny Peralta","Cardinals","867","7.3 %","18.1 %","0.40","5",".329",".434",".763",".159","2.1",".312","111","16.6",".336","113","1738"
"Dexter Fowler","Cubs","794","12.8 %","23.3 %","0.55","30",".357",".392",".749",".139","6.2",".324","101","14.9",".336","107","4062"
"Josh Harrison","Pirates","560","3.4 %","16.1 %","0.21","15",".317",".449",".765",".167","6.4",".319","71","10.6",".336","116","8202"
"Ben Zobrist","Athletics","993","11.8 %","13.3 %","0.89","18",".354",".402",".756",".137","4.9",".291","126","18.3",".335","118","7435"
"Chris Coghlan","Cubs","568","8.1 %","18.7 %","0.43","8",".333",".434",".767",".161","4.9",".323","72","10.4",".335","111","6878"
"Mike Napoli","Red Sox","815","12.6 %","30.7 %","0.41","1",".336",".413",".750",".182","2.2",".315","103","14.3",".334","109","3057"
"Delmon Young","Orioles","450","4.0 %","21.8 %","0.18","2",".322",".438",".760",".153","2.1",".339","57","7.7",".334","112","2140"
"Michael Saunders","Blue Jays","522","10.9 %","23.6 %","0.46","16",".334",".435",".769",".180","5.6",".309","66","8.8",".334","115","9981"
"Jason Kipnis","Indians","854","12.1 %","19.0 %","0.64","43",".352",".405",".756",".138","6.1",".314","108","14.8",".334","115","9776"
"Daniel Murphy","Mets","1019","6.0 %","11.4 %","0.53","27",".331",".436",".767",".147","5.6",".310","128","17.6",".334","117","4316"
"Manny Machado","Orioles","798","5.5 %","18.2 %","0.30","10",".322",".442",".764",".160","3.7",".321","100","13.3",".334","110","11493"
"Jason Castro","Astros","818","9.2 %","26.4 %","0.35","1",".325",".437",".763",".187","2.8",".314","103","14.2",".334","112","8722"
"Starling Marte","Pirates","976","4.8 %","24.6 %","0.20","63",".329",".426",".756",".161","8.1",".340","122","16.2",".334","114","9241"
"Torii Hunter","Twins","939","3.2 %","17.1 %","0.19","6",".318",".448",".766",".159","4.1",".327","118","15.7",".333","110","731"
"Alex Avila","Tigers","673","15.0 %","29.7 %","0.51","0",".347",".396",".743",".165","1.6",".315","84","11.3",".333","110","7476"
"Ian Desmond","Nationals","1067","6.5 %","25.3 %","0.26","38",".320",".438",".757",".173","5.9",".329","133","17.0",".332","111","6885"
"Yadier Molina","Cardinals","815","5.3 %","11.3 %","0.47","2",".341",".420",".761",".120","1.7",".325","102","12.9",".332","113","7007"
"Jose Reyes","Blue Jays","845","6.4 %","12.1 %","0.53","40",".341",".411",".752",".115","6.2",".323","105","13.5",".332","108","1736"
"Dalton Pompey","Blue Jays","91","6.6 %","25.3 %","0.26","0",".297",".464",".761",".226","4.7",".293","12","1.5",".332","109","12797"
"Conor Gillaspie","White Sox","827","8.3 %","15.8 %","0.53","0",".336",".423",".759",".147","3.1",".310","102","12.2",".331","107","9009"
"Kennys Vargas","Twins","171","4.7 %","26.9 %","0.17","0",".298",".462",".760",".203","2.4",".308","21","2.6",".331","112","12101"
"Yasmani Grandal","Dodgers","456","13.2 %","23.5 %","0.56","3",".331",".413",".744",".184","3.4",".272","56","7.0",".331","115","11368"
"Josh Hamilton","Rangers","726","9.1 %","24.0 %","0.38","4",".331",".430",".761",".171","3.4",".319","89","10.3",".330","114","1875"
"Jed Lowrie","Astros","889","9.2 %","14.6 %","0.63","1",".341",".415",".756",".147","2.6",".297","109","12.7",".330","112","4418"
"Chris Carter","Astros","877","9.8 %","34.0 %","0.29","3",".301",".454",".755",".236","2.9",".278","108","12.4",".330","110","9911"
"A.J. Pollock","Diamondbacks","585","6.8 %","17.8 %","0.38","25",".337",".410",".746",".127","6.7",".336","72","8.0",".330","105","9256"
"Marlon Byrd","Reds","918","5.3 %","28.5 %","0.19","3",".309",".445",".753",".184","3.6",".335","112","12.5",".329","111","950"
"Matt Joyce","Angels","942","13.0 %","19.3 %","0.67","8",".345",".397",".742",".150","2.8",".285","115","12.4",".329","114","3353"
"Jay Bruce","Reds","949","10.3 %","26.8 %","0.39","17",".325",".437",".762",".189","4.3",".311","116","12.4",".328","107","9892"
"Tony Sanchez","Pirates","123","5.7 %","24.4 %","0.23","0",".341",".393",".734",".107","0.9",".363","15","1.6",".328","111","6178"
"Domonic Brown","Phillies","782","7.7 %","17.4 %","0.44","14",".316",".441",".757",".182","4.6",".281","95","9.9",".328","108","3154"
"Dilson Herrera","Mets","52","7.7 %","25.0 %","0.31","0",".288",".458",".747",".229","3.1",".250","6","0.7",".328","113","14335"
"Jose Iglesias","Tigers","297","3.4 %","11.8 %","0.29","9",".357",".375",".733",".063","5.3",".353","36","3.3",".327","103","10231"
"Cory Spangenberg","Padres","70","2.9 %","24.3 %","0.12","1",".290",".463",".753",".194","6.1",".333","9","0.9",".327","113","12294"
"Gregory Polanco","Pirates","288","9.0 %","19.1 %","0.47","20",".336",".400",".736",".131","6.3",".322","35","3.8",".327","111","12907"
"Brett Lawrie","Athletics","616","6.2 %","17.2 %","0.36","8",".322",".419",".742",".156","3.8",".291","74","7.1",".327","105","5247"
"Nick Markakis","Braves","1019","9.5 %","9.4 %","1.01","3",".345",".393",".739",".118","2.5",".286","123","12.1",".327","106","5930"
"Gerardo Parra","Brewers","976","5.3 %","15.7 %","0.34","19",".321",".433",".754",".151","5.4",".320","118","11.6",".327","104","8553"
"Wil Myers","Padres","585","7.0 %","23.8 %","0.29","9",".318",".433",".751",".167","3.5",".325","71","7.1",".327","112","10047"
"Howie Kendrick","Dodgers","953","5.6 %","16.7 %","0.33","18",".337",".407",".744",".116","5.0",".339","115","11.3",".327","112","4229"
"Ryan Braun","Brewers","659","8.5 %","21.5 %","0.39","11",".326",".419",".745",".163","4.1",".304","79","7.5",".326","104","3410"
"Evan Gattis","Astros","660","5.6 %","24.4 %","0.23","0",".291",".459",".750",".224","1.5",".260","79","7.2",".326","107","11003"
"Michael Morse","Marlins","601","6.0 %","24.6 %","0.24","0",".316",".422",".738",".159","1.7",".326","72","6.5",".326","110","3035"
"Darin Ruf","Phillies","284","8.1 %","31.3 %","0.26","0",".313",".426",".740",".191","1.3",".312","34","2.9",".326","107","9929"
"Alex Gordon","Royals","952","9.1 %","18.9 %","0.48","18",".337",".405",".742",".145","4.7",".303","113","9.9",".325","106","5209"
"Yangervis Solarte","Padres","398","11.8 %","9.5 %","1.24","0",".348",".373",".720",".113","1.1",".268","48","4.7",".325","109","5352"
"Jon Jay","Cardinals","926","7.2 %","15.0 %","0.48","10",".361",".367",".728",".083","4.3",".332","110","8.7",".324","107","5227"
"Justin Masterson","Red Sox","13","0.0 %","30.8 %","0.00","0",".364",".364",".727",".000","1.1",".571","1","-0.2",".324","86","2038"
"Lonnie Chisenhall","Indians","723","6.2 %","17.7 %","0.35","4",".313",".425",".738",".167","2.5",".287","85","6.8",".324","109","7571"
"Mitch Moreland","Rangers","561","8.4 %","21.7 %","0.39","0",".310",".431",".741",".188","2.0",".270","66","4.9",".324","99","3086"
"Billy Butler","Athletics","1015","8.6 %","15.1 %","0.57","0",".343",".386",".729",".109","1.0",".315","120","9.5",".324","104","7399"
"Yan Gomes","Indians","582","4.6 %","23.5 %","0.20","2",".301",".442",".743",".182","3.2",".308","69","5.5",".324","108","9627"
"David Lough","Orioles","452","5.1 %","15.5 %","0.33","12",".321",".415",".736",".138","6.5",".317","53","3.9",".323","103","7215"
"Evan Longoria","Rays","1075","8.0 %","21.6 %","0.37","5",".315",".427",".742",".177","3.4",".285","127","9.9",".323","110","9368"
"Aramis Ramirez","Brewers","744","5.8 %","14.5 %","0.40","0",".331",".397",".727",".124","1.4",".301","88","7.0",".323","102","1002"
"Casey McGehee","Giants","606","8.7 %","15.7 %","0.56","2",".353",".366",".719",".073","1.9",".344","71","6.0",".323","105","6086"
"Stephen Drew","Yankees","619","11.6 %","21.5 %","0.54","6",".317",".424",".742",".196","5.2",".266","73","5.4",".323","101","4251"
"Brian McCann","Yankees","735","8.7 %","14.6 %","0.60","0",".307",".429",".737",".195","1.4",".230","87","6.7",".323","104","4810"
"Marcell Ozuna","Marlins","780","6.5 %","24.5 %","0.27","7",".316",".417",".733",".151","4.9",".336","91","6.8",".323","104","10324"
"Brad Miller","Mariners","581","8.3 %","18.6 %","0.44","10",".316",".421",".737",".164","5.5",".290","68","5.1",".323","108","12775"
"Jimmy Paredes","Orioles","180","4.4 %","28.3 %","0.16","9",".306",".435",".741",".159","6.7",".362","21","1.5",".322","102","5481"
"Alejandro De Aza","Orioles","1009","7.5 %","22.5 %","0.33","36",".324",".408",".732",".145","6.0",".324","118","8.0",".322","101","3371"
"Brayan Pena","Reds","461","5.6 %","9.5 %","0.59","2",".330",".407",".737",".115","2.0",".303","54","4.1",".322","102","3231"
"Shane Victorino","Red Sox","464","5.2 %","15.3 %","0.34","16",".325",".400",".726",".134","6.6",".298","54","3.4",".322","99","1677"
"Chase Headley","Yankees","879","10.7 %","24.5 %","0.44","12",".339",".382",".721",".134","3.2",".320","102","6.7",".322","107","4720"
"Ian Kinsler","Tigers","1051","5.9 %","11.0 %","0.53","26",".320",".411",".731",".138","5.5",".285","122","8.0",".321","100","6195"
"Devin Mesoraco","Reds","626","6.4 %","22.8 %","0.28","2",".300",".433",".733",".194","2.0",".268","72","4.1",".321","101","5666"
"Didi Gregorius","Yankees","573","8.4 %","14.3 %","0.59","5",".329",".405",".734",".145","5.1",".286","66","4.0",".321","99","6012"
"Dustin Pedroia","Red Sox","1020","8.5 %","11.1 %","0.77","17",".344",".375",".719",".092","3.5",".307","118","6.6",".320","99","8370"
"Eduardo Nunez","Twins","347","5.2 %","13.5 %","0.38","15",".327",".402",".729",".117","6.6",".320","40","1.9",".320","100","6848"
"Yoenis Cespedes","Tigers","944","4.3 %","21.2 %","0.21","10",".292",".446",".738",".188","5.2",".297","108","5.8",".320","104","13110"
"Garrett Jones","Yankees","914","7.9 %","21.1 %","0.37","1",".303",".430",".733",".186","2.8",".280","105","5.5",".320","103","2714"
"Tyler Collins","Tigers","20","5.0 %","20.0 %","0.25","0",".300",".421",".721",".158","2.0",".286","2","0.1",".320","102","12723"
"Adam Eaton","White Sox","658","7.1 %","15.3 %","0.47","18",".332",".387",".719",".114","7.2",".320","75","4.0",".319","100","11205"
"Anthony Gose","Tigers","374","7.0 %","25.1 %","0.28","20",".328",".391",".719",".124","7.7",".355","43","2.4",".319","100","5097"
"Tommy Medica","Padres","220","8.2 %","30.0 %","0.27","4",".323",".394",".717",".141","5.4",".352","25","1.5",".319","108","11147"
"Mark Teixeira","Yankees","462","10.6 %","23.6 %","0.45","1",".294",".434",".728",".227","1.3",".208","53","3.2",".319","101","1281"
"Miguel Montero","Cubs","845","11.5 %","18.5 %","0.62","0",".342",".384",".726",".136","1.1",".282","96","4.6",".319","98","3364"
"Kirk Nieuwenhuis","Mets","237","11.8 %","29.1 %","0.41","7",".316",".422",".739",".194","6.7",".306","27","1.3",".319","107","6400"
"Dioner Navarro","Blue Jays","602","6.6 %","15.4 %","0.43","3",".321",".403",".724",".128","2.3",".302","69","3.5",".319","100","3179"
"A.J. Pierzynski","Braves","657","3.0 %","12.9 %","0.24","1",".306",".431",".737",".150","1.7",".292","75","3.4",".319","97","746"
"Randal Grichuk","Cardinals","59","6.8 %","27.1 %","0.25","0",".305",".418",".723",".164","3.5",".342","7","0.4",".318","103","10243"
"Travis d'Arnaud","Mets","441","7.7 %","13.4 %","0.58","1",".311",".411",".722",".163","3.5",".261","50","2.4",".318","106","7739"
"Leonys Martin","Rangers","851","6.9 %","19.0 %","0.36","57",".326",".393",".719",".121","7.9",".329","96","3.7",".317","95","11846"
"Ryan Howard","Phillies","746","9.7 %","25.9 %","0.37","0",".318",".411",".729",".167","2.1",".305","84","3.4",".317","101","2154"
"Christian Colon","Royals","46","6.5 %","8.7 %","0.75","3",".304",".419",".723",".163","9.2",".282","5","0.2",".317","102","11145"
"Nolan Arenado","Rockies","770","3.9 %","14.0 %","0.28","4",".298",".428",".726",".159","2.7",".292","87","2.7",".317","83","9777"
"Salvador Perez","Royals","888","3.2 %","14.0 %","0.23","0",".305",".420",".725",".139","1.9",".304","100","3.5",".317","100","7304"
"Yonder Alonso","Padres","575","8.2 %","10.6 %","0.77","12",".330",".398",".728",".124","4.4",".286","65","2.2",".317","105","2530"
"Kendrys Morales","Royals","726","7.0 %","17.9 %","0.39","0",".311",".411",".722",".157","1.3",".283","82","2.6",".317","102","8610"
"Curtis Granderson","Mets","724","12.8 %","20.3 %","0.63","17",".325",".380",".706",".156","5.4",".261","81","2.9",".316","103","4747"
"David Wright","Mets","823","7.2 %","19.4 %","0.37","17",".323",".393",".716",".128","5.1",".314","92","3.1",".316","105","3787"
"Dee Gordon","Marlins","661","5.4 %","17.1 %","0.32","69",".333",".381",".714",".088","8.7",".353","74","2.7",".316","103","8203"
"Asdrubal Cabrera","Rays","874","8.1 %","19.5 %","0.42","12",".315",".399",".714",".155","5.0",".284","97","2.4",".315","101","4962"
"Rougned Odor","Rangers","345","4.6 %","15.1 %","0.31","4",".300",".421",".721",".165","5.0",".282","39","1.3",".315","95","12282"
"Jose Altuve","Astros","1098","4.9 %","9.3 %","0.53","74",".335",".384",".719",".084","5.9",".324","122","2.4",".315","100","5417"
"Chris Owings","Diamondbacks","363","5.8 %","20.1 %","0.29","13",".314",".400",".714",".131","6.9",".326","40","1.1",".314","95","10030"
"J.J. Hardy","Orioles","880","5.3 %","15.6 %","0.34","2",".313",".398",".711",".126","1.8",".301","97","1.0",".313","96","3797"
"Robbie Grossman","Astros","552","12.7 %","27.0 %","0.47","11",".339",".351",".690",".112","4.2",".328","61","0.7",".313","99","5254"
"Wilmer Flores","Mets","331","3.3 %","11.8 %","0.28","1",".298",".418",".716",".146","3.2",".284","37","0.6",".313","103","5827"
"Allen Craig","Red Sox","828","7.6 %","19.0 %","0.40","4",".335",".365",".699",".098","3.0",".321","91","1.1",".313","99","3433"
"Peter Bourjos","Cardinals","343","6.4 %","21.9 %","0.29","18",".327",".375",".702",".112","8.3",".335","37","0.2",".312","100","2578"
"Nate McLouth","Nationals","600","9.3 %","15.0 %","0.62","26",".327",".373",".700",".124","6.3",".284","65","-0.3",".312","94","3190"
"Dustin Ackley","Mariners","733","7.4 %","14.9 %","0.50","6",".308",".399",".706",".148","3.5",".274","80","0.1",".312","100","10099"
"Derek Dietrich","Marlins","337","6.8 %","21.1 %","0.32","2",".307",".393",".699",".174","6.3",".253","36","-0.1",".312","96","10542"
"C.J. Cron","Angels","194","4.1 %","26.8 %","0.15","0",".284",".424",".707",".179","2.4",".298","21","0.2",".312","104","12546"
"Nori Aoki","Giants","954","8.6 %","7.9 %","1.09","30",".339",".352",".691",".087","5.7",".283","104","-0.1",".312","96","13075"
"Trevor Plouffe","Twins","855","7.4 %","20.8 %","0.35","2",".307",".397",".704",".151","2.0",".286","93","-0.2",".312","96","7462"
"Kelly Johnson","Braves","607","9.6 %","24.9 %","0.38","8",".298",".407",".706",".185","3.3",".259","66","-0.3",".311","98","2234"
"Lorenzo Cain","Royals","708","5.5 %","22.0 %","0.25","37",".323",".380",".704",".101","6.9",".351","76","-0.5",".311","96","9077"
"Grant Green","Angels","161","4.3 %","27.3 %","0.16","1",".317",".388",".705",".105","3.9",".383","17","-0.1",".311","101","10053"
"Mark Reynolds","Cardinals","667","9.9 %","31.5 %","0.31","3",".294",".411",".705",".199","2.3",".259","72","-0.6",".311","95","7619"
"David Murphy","Indians","783","8.2 %","12.3 %","0.67","2",".306",".402",".708",".158","2.1",".254","84","-0.7",".311","95","6035"
"Welington Castillo","Cubs","661","7.0 %","23.9 %","0.29","1",".316",".382",".698",".133","1.4",".313","71","-0.6",".311","94","3256"
"Jimmy Rollins","Dodgers","997","10.0 %","14.9 %","0.67","43",".321",".377",".697",".131","5.6",".274","107","-1.2",".310","96","971"
"Will Venable","Padres","810","6.9 %","23.7 %","0.29","31",".302",".407",".710",".161","6.5",".299","87","-0.9",".310","101","211"
"Jurickson Profar","Rangers","214","6.5 %","18.2 %","0.36","1",".317",".379",".696",".121","2.0",".299","23","-0.6",".310","88","10815"
"Johnny Giavotella","Angels","110","4.5 %","14.5 %","0.31","0",".330",".361",".691",".093","2.8",".305","12","-0.1",".310","97","6740"
"Gregor Blanco","Giants","793","10.0 %","17.5 %","0.57","28",".334",".360",".694",".104","6.0",".308","85","-1.6",".310","102","3123"
"Ender Inciarte","Diamondbacks","361","4.7 %","11.6 %","0.40","18",".315",".383",".698",".102","6.7",".311","39","-0.1",".310","92","4922"
"Jose Lobaton","Nationals","390","9.2 %","25.6 %","0.36","0",".316",".378",".694",".134","1.5",".317","42","-0.7",".310","97","4243"
"Joe Panik","Giants","265","7.9 %","11.3 %","0.70","0",".338",".350",".688",".067","2.1",".318","29","-0.1",".309","102","11936"
"Starlin Castro","Cubs","1035","4.5 %","17.5 %","0.26","13",".309",".391",".700",".121","3.1",".311","110","-2.5",".309","93","4579"
"Wilin Rosario","Rockies","639","4.1 %","22.5 %","0.18","5",".294",".418",".712",".153","3.4",".315","68","-1.4",".309","78","8002"
"Chris Taylor","Mariners","85","4.7 %","27.1 %","0.17","4",".341",".346",".687",".051","4.8",".411","9","-0.1",".309","100","13757"
"Brock Holt","Red Sox","412","7.5 %","15.8 %","0.48","12",".333",".358",".690",".079","6.1",".325","44","-0.6",".309","92","9345"
"Brian Dozier","Twins","1027","10.8 %","19.8 %","0.55","26",".314",".375",".689",".153","5.1",".253","109","-2.6",".309","94","9810"
"Nick Hundley","Rockies","550","4.4 %","24.0 %","0.18","1",".294",".414",".707",".157","1.8",".309","59","-1.4",".309","96","3376"
"Brandon Guyer","Rays","188","6.4 %","17.0 %","0.38","6",".324",".358",".682",".109","5.6",".295","20","-0.2",".308","101","2636"
"Logan Morrison","Mariners","575","9.4 %","14.4 %","0.65","6",".311",".390",".701",".153","4.4",".253","61","-1.4",".308","97","9205"
"Omar Infante","Royals","785","4.7 %","10.8 %","0.44","11",".322",".379",".701",".089","4.2",".315","83","-2.0",".308","93","1609"
"Bryan Holaday","Tigers","108","4.6 %","19.4 %","0.24","1",".337",".351",".687",".052","3.6",".377","11","-0.3",".307","93","11287"
"Aaron Hill","Diamondbacks","721","6.0 %","16.0 %","0.37","5",".308",".384",".692",".129","3.3",".286","75","-2.8",".306","89","6104"
"Michael Bourn","Indians","779","7.8 %","23.2 %","0.34","22",".319",".370",".689",".110","6.8",".338","81","-3.6",".306","96","6387"
"Shane Robinson","Twins","122","10.7 %","16.4 %","0.65","5",".336",".343",".679",".083","8.2",".307","13","-0.6",".306","94","4249"
"Josh Rutledge","Angels","453","6.2 %","21.0 %","0.29","8",".314",".372",".686",".117","7.1",".317","47","-2.1",".306","76","11167"
"DJ LeMahieu","Rockies","776","5.2 %","16.2 %","0.32","23",".322",".377",".699",".095","5.4",".333","81","-3.4",".306","76","9874"
"Scott Feldman","Astros","22","0.0 %","22.7 %","0.00","0",".238",".476",".714",".238","1.1",".267","2","-0.1",".306","91","6283"
"Jason Rogers","Brewers","11","9.1 %","9.1 %","1.00","0",".364",".300",".664",".000","0.1",".333","1","0.0",".306","90","11773"
"Martin Prado","Marlins","1015","4.7 %","12.0 %","0.39","4",".309",".384",".693",".114","3.0",".293","106","-4.9",".306","89","3312"
"Carlos Peguero","Rangers","44","15.9 %","43.2 %","0.37","1",".318",".378",".697",".189","3.6",".353","5","0.0",".306","93","8760"
"Travis Snider","Orioles","620","9.4 %","21.8 %","0.43","3",".310",".382",".692",".146","3.3",".282","64","-3.1",".306","95","2830"
"Erik Kratz","Royals","232","5.6 %","20.3 %","0.28","0",".284",".417",".701",".176","1.0",".261","24","-1.4",".305","92","4403"
"Grady Sizemore","Phillies","306","9.2 %","16.7 %","0.55","5",".314",".368",".682",".123","5.4",".287","32","-1.2",".305","92","2197"
"Andrew Susac","Giants","71","4.2 %","28.2 %","0.15","0",".282",".412",".693",".162","1.6",".326","7","-0.3",".305","99","13132"
"Cody Asche","Phillies","548","7.8 %","22.3 %","0.35","1",".308",".390",".698",".142","2.2",".302","57","-2.6",".305","92","11997"
"Alexei Ramirez","White Sox","1082","3.8 %","11.6 %","0.33","38",".307",".386",".693",".109","5.5",".302","112","-6.0",".305","89","5133"
"Wilson Ramos","Nationals","557","4.7 %","14.5 %","0.32","0",".285",".412",".697",".159","1.0",".258","58","-3.0",".304","92","1433"
"Avisail Garcia","White Sox","369","4.6 %","21.7 %","0.21","7",".304",".383",".687",".118","4.2",".319","38","-2.2",".304","88","5760"
"Kristopher Negron","Reds","123","8.9 %","26.8 %","0.33","4",".311",".364",".675",".127","7.0",".320","13","-0.6",".304","91","5306"
"Austin Jackson","Mariners","951","6.6 %","22.2 %","0.30","24",".312",".375",".687",".112","6.6",".331","98","-5.7",".304","91","9848"
"Jake Smolinski","Rangers","90","6.7 %","28.9 %","0.23","0",".333",".325",".658",".075","2.3",".358","9","-0.5",".303","88","5408"
"Erick Aybar","Angels","948","5.5 %","10.0 %","0.55","21",".317",".369",".686",".096","5.0",".293","96","-6.6",".303","96","4082"
"Jarrod Dyson","Royals","433","7.6 %","18.0 %","0.42","55",".323",".355",".678",".087","8.7",".326","44","-2.9",".303","90","4866"
"Jordan Schafer","Twins","455","9.9 %","22.9 %","0.43","47",".330",".347",".676",".093","7.3",".334","46","-3.2",".303","92","9883"
"Alex Rios","Royals","907","5.0 %","17.8 %","0.28","53",".305",".382",".687",".115","6.5",".313","92","-7.0",".302","85","2090"
"Ryan Flaherty","Orioles","539","7.8 %","21.5 %","0.36","3",".304",".379",".683",".149","3.3",".272","54","-4.1",".302","88","7888"
"Chris Iannetta","Angels","521","15.7 %","28.6 %","0.55","3",".342",".308",".650",".100","2.5",".297","53","-4.2",".302","95","8267"
"Brandon Phillips","Reds","908","4.1 %","14.8 %","0.28","5",".303",".383",".686",".115","3.0",".294","91","-7.4",".301","88","791"
"Travis Wood","Cubs","107","2.8 %","29.0 %","0.10","1",".255",".433",".688",".216","4.5",".250","11","-0.8",".301","89","9884"
"Nick Castellanos","Tigers","487","4.5 %","25.3 %","0.18","1",".293",".397",".690",".137","3.1",".329","49","-3.4",".301","90","11737"
"Drew Stubbs","Rockies","600","6.3 %","32.3 %","0.20","23",".288",".396",".684",".159","6.9",".331","60","-5.3",".301","82","9328"
"Mark Trumbo","Diamondbacks","825","7.2 %","26.4 %","0.27","5",".284",".408",".692",".177","3.2",".277","83","-7.5",".301","90","6876"
"Yunel Escobar","Nationals","860","8.8 %","12.6 %","0.70","2",".323",".347",".670",".094","1.6",".278","86","-7.6",".300","94","4191"
"Carlos Corporan","Rangers","252","9.1 %","19.4 %","0.47","0",".303",".369",".671",".157","1.1",".222","25","-2.4",".300","89","5587"
"Willie Bloomquist","Mariners","178","4.5 %","16.9 %","0.27","0",".328",".343",".671",".054","3.2",".350","18","-1.7",".300","88","1066"
"Mike Moustakas","Royals","835","6.3 %","14.9 %","0.43","4",".293",".387",".680",".148","2.6",".255","83","-7.7",".300","88","4892"
"Nick Franklin","Rays","350","9.1 %","29.1 %","0.31","7",".289",".389",".678",".171","4.6",".279","35","-3.6",".300","90","10166"
"Michael Taylor","Nationals","78","5.1 %","35.9 %","0.14","2",".282",".397",".679",".164","5.2",".349","8","-0.6",".300","88","11489"
"Ryan Raburn","Indians","231","6.9 %","26.4 %","0.26","0",".286",".393",".679",".166","1.6",".273","23","-2.2",".299","90","2218"
"Nick Swisher","Indians","694","9.7 %","28.8 %","0.34","1",".297",".374",".671",".152","2.3",".290","68","-7.5",".298","90","4599"
"Odubel Herrera","Phillies","65","7.7 %","21.5 %","0.36","4",".313",".356",".668",".102","7.3",".333","7","-0.6",".298","88","11476"
"Rickie Weeks","Mariners","428","8.2 %","28.0 %","0.29","9",".308",".352",".660",".126","3.8",".307","42","-4.9",".298","85","1849"
"Hank Conger","Astros","464","6.3 %","22.6 %","0.28","0",".293",".382",".675",".146","2.2",".285","45","-5.0",".298","92","2505"
"Desmond Jennings","Rays","873","9.4 %","19.1 %","0.49","36",".309",".353",".662",".122","5.6",".274","85","-9.8",".297","92","1965"
"Ryan Rua","Rangers","92","3.3 %","22.8 %","0.14","0",".293",".375",".668",".114","0.8",".323","9","-0.9",".297","83","12409"
"Justin Ruggiano","Mariners","492","8.5 %","27.0 %","0.32","13",".304",".358",".662",".129","4.2",".297","48","-6.0",".297","85","7620"
"Jordan Danks","Phillies","263","9.9 %","33.8 %","0.29","12",".316",".345",".660",".106","4.4",".355","25","-3.1",".297","83","9187"
"Jean Segura","Brewers","975","3.5 %","12.9 %","0.27","57",".304",".370",".674",".097","6.9",".303","95","-11.5",".297","84","5933"
"Don Kelly","Marlins","348","10.1 %","10.6 %","0.95","8",".323",".336",".658",".094","5.4",".256","34","-4.2",".296","84","2216"
"Marcus Semien","Athletics","287","6.6 %","27.9 %","0.24","6",".289",".379",".668",".144","5.5",".311","28","-3.2",".296","85","12533"
"Eric Campbell","Mets","149","8.7 %","20.1 %","0.43","5",".322",".338",".660",".075","4.8",".324","15","-1.6",".296","91","6938"
"Jonathan Herrera","Cubs","251","7.2 %","11.6 %","0.62","4",".331",".342",".673",".062","5.2",".318","24","-3.2",".296","74","4182"
"Alberto Callaspo","Braves","688","10.2 %","10.2 %","1.00","0",".326",".335",".661",".083","1.3",".268","66","-8.6",".296","89","3336"
"Sean Rodriguez","Pirates","179","2.2 %","27.9 %","0.08","2",".253",".423",".675",".196","5.8",".273","17","-2.0",".296","92","6589"
"David Freese","Angels","846","7.2 %","23.8 %","0.30","0",".310",".347",".657",".103","2.0",".311","81","-10.6",".296","90","9549"
"Anthony Recker","Mets","263","8.0 %","31.6 %","0.25","1",".281",".389",".670",".171","1.8",".288","25","-3.3",".295","90","4063"
"Eugenio Suarez","Reds","178","7.3 %","27.0 %","0.27","3",".313",".338",".650",".094","5.1",".330","17","-2.0",".295","86","12552"
"Chris Young","Yankees","510","5.9 %","22.5 %","0.26","15",".274",".397",".671",".178","5.6",".255","49","-6.8",".295","87","3882"
"Tyler Flowers","White Sox","560","6.1 %","35.2 %","0.17","0",".286",".377",".664",".150","1.9",".331","53","-7.3",".295","82","9134"
"Brandon Crawford","Giants","834","9.0 %","19.2 %","0.47","5",".310",".368",".678",".131","4.2",".280","79","-11.3",".294","91","5343"
"Carlos Ruiz","Phillies","638","6.7 %","13.2 %","0.51","5",".316",".336",".652",".084","2.5",".282","61","-8.6",".294","85","2579"
"Zack Greinke","Dodgers","117","9.4 %","17.1 %","0.55","2",".327",".316",".643",".074","4.0",".307","11","-1.7",".294","88","1943"
"Kurt Suzuki","Twins","650","7.2 %","9.8 %","0.73","2",".312",".353",".666",".101","2.0",".267","62","-8.9",".294","85","8259"
"Freddy Galvis","Phillies","313","7.0 %","20.8 %","0.34","0",".294",".368",".663",".133","3.5",".282","30","-4.4",".294","84","6609"
"Mark Canha","Athletics","51","3.9 %","25.5 %","0.15","1",".294",".367",".661",".102","5.5",".343","5","-0.7",".293","87","11445"
"Marwin Gonzalez","Astros","481","4.6 %","18.5 %","0.25","7",".287",".374",".661",".126","3.6",".287","45","-7.2",".293","84","5497"
"Jerry Sands","Indians","17","5.9 %","23.5 %","0.25","0",".353",".267",".620",".000","0.1",".364","2","-0.2",".293","90","4016"
"Clint Robinson","Nationals","39","5.1 %","17.9 %","0.29","0",".308",".351",".659",".081","5.1",".333","4","-0.5",".293","85","6908"
"Chris Johnson","Braves","919","4.2 %","24.7 %","0.17","5",".295",".368",".664",".106","2.2",".338","86","-13.5",".292","84","1191"
"Jose Ramirez","Indians","228","5.3 %","12.7 %","0.41","8",".298",".360",".658",".103","6.5",".283","21","-3.2",".292","87","13510"
"Gordon Beckham","White Sox","686","6.0 %","14.9 %","0.40","7",".297",".363",".660",".118","3.7",".273","64","-10.4",".292","80","9015"
"Dan Uggla","Nationals","568","12.1 %","29.4 %","0.41","2",".299",".345",".644",".161","3.6",".230","53","-9.2",".292","83","3442"
"Elian Herrera","Brewers","139","3.6 %","24.5 %","0.15","4",".297",".371",".668",".098","5.8",".357","13","-2.0",".291","81","5432"
"Caleb Joseph","Orioles","220","8.6 %","24.5 %","0.35","0",".301",".344",".645",".120","1.3",".281","21","-3.2",".291","82","7087"
"Matt den Dekker","Nationals","214","9.3 %","24.8 %","0.38","10",".318",".321",".639",".078","5.1",".331","20","-3.4",".291","87","11385"
"Matt Wieters","Orioles","491","7.5 %","15.7 %","0.48","0",".288",".381",".669",".147","1.2",".249","45","-8.9",".290","79","4298"
"Jonathan Schoop","Orioles","375","1.9 %","23.5 %","0.08","1",".248",".412",".660",".193","2.6",".239","35","-5.8",".290","81","11265"
"Chris Denorfia","Cubs","510","6.3 %","18.6 %","0.34","11",".309",".340",".649",".077","5.7",".321","46","-9.1",".289","86","4400"
"Eric Sogard","Athletics","669","7.5 %","11.4 %","0.66","18",".313",".336",".649",".079","5.2",".288","61","-11.6",".289","84","7927"
"Skip Schumaker","Reds","531","7.3 %","15.8 %","0.46","3",".313",".326",".639",".075","2.2",".296","48","-9.4",".289","83","3704"
"Andres Blanco","Phillies","34","5.9 %","14.7 %","0.40","0",".281",".400",".681",".167","0.3",".250","3","-0.5",".289","84","1907"
"Ben Revere","Phillies","762","3.8 %","8.5 %","0.45","66",".315",".332",".648",".047","7.3",".312","69","-13.5",".288","81","4712"
"Mike Aviles","Indians","447","2.5 %","12.8 %","0.19","14",".282",".374",".656",".116","5.9",".276","40","-8.2",".288","83","5986"
"Gerald Laird","Diamondbacks","212","9.4 %","17.0 %","0.56","1",".327",".310",".637",".064","2.1",".298","19","-3.8",".288","81","1698"
"Juan Perez","Giants","95","5.3 %","18.9 %","0.28","1",".290",".356",".647",".115","3.9",".294","9","-1.7",".288","87","5371"
"Abraham Almonte","Padres","189","6.9 %","31.7 %","0.22","3",".289",".360",".649",".122","4.3",".336","17","-3.2",".288","85","5486"
"Travis Ishikawa","Giants","126","7.1 %","29.4 %","0.24","0",".294",".360",".653",".123","2.2",".316","11","-2.2",".288","85","4793"
"Tyler Moore","Nationals","181","3.9 %","28.7 %","0.13","0",".278",".376",".654",".141","0.9",".310","16","-3.6",".288","79","7244"
"Wil Nieves","Padres","230","2.6 %","21.3 %","0.12","1",".296",".357",".653",".081","2.1",".347","21","-4.4",".288","78","1556"
"Billy Hamilton","Reds","546","6.8 %","20.7 %","0.33","65",".296",".349",".645",".104","8.2",".304","50","-9.4",".288","79","10199"
"Andrelton Simmons","Braves","1043","5.1 %","9.8 %","0.52","8",".291",".362",".652",".111","3.5",".264","93","-20.2",".287","80","10847"
"Jonny Gomes","Braves","327","8.9 %","30.6 %","0.29","1",".297",".343",".639",".126","2.8",".293","29","-6.6",".286","75","1845"
"Donovan Solano","Marlins","558","5.6 %","15.9 %","0.35","2",".309",".326",".635",".071","3.0",".299","49","-12.0",".284","77","8623"
"Christian Vazquez","Red Sox","156","8.3 %","16.0 %","0.52","0",".312",".326",".638",".072","0.7",".296","14","-3.1",".284","76","9774"
"Alexi Amarista","Padres","760","7.0 %","14.1 %","0.50","13",".297",".348",".645",".104","4.9",".272","66","-16.9",".283","82","9063"
"Eric Young","Braves","695","8.2 %","17.1 %","0.48","65",".303",".330",".632",".095","8.8",".284","60","-15.8",".283","78","7158"
"Juan Lagares","Mets","704","4.4 %","20.6 %","0.21","16",".297",".347",".644",".088","5.9",".325","61","-15.6",".283","82","5384"
"Chris Heisey","Dodgers","357","3.9 %","23.5 %","0.17","7",".270",".369",".638",".142","5.6",".270","31","-7.9",".283","76","3978"
"Kolten Wong","Cardinals","473","5.9 %","16.9 %","0.35","22",".283",".360",".643",".126","7.0",".264","41","-10.2",".282","79","12532"
"Matthew Clark","Brewers","31","6.5 %","25.8 %","0.25","0",".226",".519",".744",".333","1.1",".111","3","-0.7",".282","74","8793"
"Brandon Barnes","Rockies","488","3.9 %","32.2 %","0.12","8",".267",".373",".640",".143","5.1",".322","41","-11.6",".282","69","629"
"Eduardo Escobar","Twins","485","5.6 %","20.2 %","0.28","2",".289",".346",".635",".103","4.3",".301","41","-11.0",".282","76","6153"
"Cliff Pennington","Diamondbacks","353","9.6 %","19.8 %","0.49","5",".318",".308",".626",".067","4.8",".303","30","-8.5",".281","71","3395"
"Derek Norris","Padres","468","10.7 %","23.1 %","0.46","3",".305",".307",".612",".093","3.3",".275","40","-11.1",".281","79","6867"
"Ryan Lavarnway","Orioles","69","4.3 %","29.0 %","0.15","0",".290",".344",".634",".094","0.9",".341","6","-1.7",".281","72","8879"
"Steven Souza","Rays","77","10.4 %","36.4 %","0.29","4",".286",".333",".619",".130","3.3",".308","7","-1.7",".280","79","5667"
"Kevin Pillar","Blue Jays","212","2.4 %","25.0 %","0.09","3",".271",".361",".633",".119","4.7",".310","18","-5.3",".280","72","12434"
"Jedd Gyorko","Padres","760","5.8 %","22.8 %","0.25","4",".270",".361",".631",".145","2.8",".251","64","-18.9",".280","80","10816"
"Craig Gentry","Athletics","265","7.9 %","21.1 %","0.38","18",".319",".294",".614",".046","6.6",".320","22","-6.8",".279","73","9571"
"Xander Bogaerts","Red Sox","513","6.6 %","25.5 %","0.26","4",".286",".338",".623",".108","4.3",".295","43","-12.4",".279","72","12161"
"John Mayberry","Mets","368","7.9 %","27.4 %","0.29","3",".280",".341",".621",".132","2.9",".274","30","-9.8",".279","74","3390"
"Antoan Richardson","Rangers","16","0.0 %","18.8 %","0.00","4",".313",".313",".625",".000","6.9",".385","1","-0.4",".279","73","209"
"Matt Dominguez","Astros","861","4.9 %","18.6 %","0.26","0",".268",".363",".631",".139","1.1",".244","71","-22.2",".278","74","4903"
"Daniel Descalso","Rockies","459","7.6 %","18.3 %","0.42","3",".294",".341",".634",".108","3.1",".281","38","-12.2",".278","74","8392"
"Rajai Davis","Tigers","598","4.8 %","16.6 %","0.29","59",".291",".328",".620",".085","7.1",".281","49","-15.5",".278","72","3708"
"A.J. Ellis","Dodgers","620","10.3 %","17.7 %","0.58","0",".307",".312",".619",".092","1.7",".255","51","-16.5",".278","77","5677"
"Dean Anna","Cardinals","18","5.6 %","16.7 %","0.33","0",".222",".438",".660",".250","2.6",".154","1","-0.4",".278","74","8353"
"Robinson Chirinos","Rangers","283","4.6 %","21.6 %","0.21","0",".268",".360",".628",".143","1.8",".254","24","-7.1",".278","70","3142"
"Efren Navarro","Angels","167","9.0 %","15.0 %","0.60","1",".297",".327",".624",".100","4.1",".266","14","-4.2",".277","80","9854"
"Jake Elmore","Rays","94","8.5 %","21.3 %","0.40","0",".283",".337",".620",".120","3.8",".258","8","-2.7",".277","71","7290"
"Jake Marisnick","Astros","309","4.5 %","25.6 %","0.18","15",".284",".345",".629",".102","6.4",".314","25","-8.1",".277","73","11339"
"Micah Johnson","White Sox","38","5.3 %","21.1 %","0.25","2",".316",".286",".602",".029","3.6",".333","3","-1.0",".277","70","13809"
"Jordy Mercer","Pirates","759","6.3 %","18.1 %","0.35","6",".293",".350",".644",".113","3.6",".276","62","-20.6",".277","76","6547"
"Jonathan Villar","Astros","379","8.2 %","29.6 %","0.28","24",".288",".328",".617",".109","6.8",".309","31","-10.4",".276","73","10071"
"Junior Lake","Cubs","414","4.1 %","32.4 %","0.13","7",".265",".361",".625",".133","4.5",".319","34","-11.3",".276","71","4672"
"Rene Rivera","Rays","321","6.2 %","25.5 %","0.24","0",".280",".345",".625",".121","2.0",".286","26","-8.6",".276","78","3648"
"J.B. Shuck","White Sox","468","4.7 %","11.5 %","0.41","10",".293",".332",".625",".071","5.1",".285","38","-13.4",".276","76","6677"
"Henry Urrutia","Orioles","51","0.0 %","21.6 %","0.00","0",".294",".333",".627",".039","3.7",".375","4","-1.5",".275","68","14441"
"Adrian Nieto","White Sox","92","5.4 %","35.9 %","0.15","0",".278",".333",".611",".107","1.3",".347","7","-2.5",".275","70","10294"
"Cesar Hernandez","Phillies","204","8.8 %","21.6 %","0.41","1",".312",".295",".607",".049","2.5",".317","16","-5.8",".275","72","10556"
"Elvis Andrus","Rangers","1056","6.0 %","15.5 %","0.38","59",".301",".311",".612",".057","6.4",".300","85","-29.9",".275","66","8709"
"B.J. Upton","Padres","775","9.0 %","32.4 %","0.28","21",".276",".342",".619",".139","5.4",".283","62","-22.0",".275","72","5015"
"Sam Fuld","Athletics","487","9.7 %","15.2 %","0.64","26",".292",".319",".612",".103","7.9",".249","39","-13.7",".275","74","8254"
"Ryan Hanigan","Red Sox","452","11.7 %","13.9 %","0.84","0",".316",".286",".602",".075","1.0",".235","36","-13.3",".274","73","4952"
"Corey Hart","Pirates","162","6.2 %","22.8 %","0.27","2",".259",".355",".615",".145","3.3",".245","13","-4.5",".274","75","1945"
"Mike Zunino","Mariners","524","5.0 %","33.0 %","0.15","0",".250",".363",".613",".181","3.5",".225","41","-15.7",".272","73","13265"
"Tommy La Stella","Cubs","297","9.4 %","9.8 %","0.97","3",".310",".288",".597",".053","2.7",".260","23","-8.6",".272","71","12371"
"Cody Ross","Athletics","379","7.1 %","19.3 %","0.37","1",".286",".320",".605",".093","1.8",".270","29","-11.9",".272","65","1760"
"Zack Cozart","Reds","945","4.0 %","15.8 %","0.26","7",".276",".341",".617",".102","4.8",".274","74","-29.1",".272","68","2616"
"Adam Duvall","Giants","35","0.0 %","25.7 %","0.00","0",".200",".429",".629",".229","2.6",".208","3","-1.0",".272","76","10950"
"Steve Clevenger","Orioles","111","8.1 %","20.7 %","0.39","0",".288",".324",".612",".098","2.6",".291","9","-3.4",".272","68","9542"
"Logan Schafer","Brewers","424","9.0 %","17.2 %","0.52","8",".290",".315",".605",".106","5.2",".253","33","-13.6",".271","66","7937"
"Charlie Culberson","Rockies","225","4.9 %","28.0 %","0.17","6",".281",".332",".612",".102","5.0",".309","17","-6.9",".271","53","3298"
"Everth Cabrera","Orioles","653","7.2 %","19.4 %","0.37","40",".296",".301",".597",".061","6.2",".297","50","-20.8",".270","73","8155"
"Chris Herrmann","Twins","219","9.1 %","26.9 %","0.34","0",".286",".310",".595",".096","3.0",".289","17","-7.2",".270","67","9284"
"Martin Maldonado","Brewers","264","9.1 %","22.3 %","0.41","0",".284",".312",".595",".121","1.4",".224","20","-8.7",".270","65","6887"
"Alcides Escobar","Royals","967","3.4 %","12.8 %","0.27","46",".284",".322",".606",".068","6.4",".288","73","-31.8",".270","67","6310"
"Ichiro Suzuki","Marlins","746","5.2 %","14.6 %","0.36","31",".292",".314",".606",".062","5.8",".293","56","-24.7",".269","65","1101"
"Will Middlebrooks","Padres","497","5.4 %","28.4 %","0.19","3",".254",".359",".613",".154","2.1",".256","38","-16.4",".269","65","7002"
"Cameron Maybin","Braves","250","8.0 %","20.8 %","0.38","6",".289",".310",".599",".088","5.1",".277","19","-8.2",".268","72","5223"
"Adeiny Hechavarria","Marlins","951","4.3 %","15.7 %","0.28","14",".281",".331",".612",".082","5.0",".293","71","-32.1",".268","66","10459"
"Tony Cruz","Cardinals","216","6.5 %","19.4 %","0.33","0",".287",".315",".602",".085","1.2",".282","16","-7.3",".268","68","2802"
"Maicer Izturis","Blue Jays","299","8.0 %","10.7 %","0.75","2",".290",".300",".590",".074","2.2",".242","22","-10.8",".267","62","2437"
"Logan Forsythe","Rays","383","8.1 %","21.1 %","0.38","7",".291",".294",".584",".076","3.7",".266","28","-13.4",".266","71","7185"
"Daniel Butler","Nationals","13","0.0 %","23.1 %","0.00","0",".231",".385",".615",".154","1.6",".300","1","-0.4",".266","63","9968"
"Tim Beckham","Rays","32","12.5 %","28.1 %","0.44","1",".313",".250",".563",".036","4.7",".316","2","-1.1",".265","71","7949"
"Christian Walker","Orioles","14","7.1 %","50.0 %","0.14","0",".214",".385",".599",".231","0.1",".200","1","-0.5",".265","65","13419"
"Emilio Bonifacio","White Sox","643","6.2 %","20.1 %","0.31","32",".281",".311",".592",".079","6.4",".290","46","-23.9",".264","62","4054"
"Jordan Pacheco","Diamondbacks","256","3.9 %","12.9 %","0.30","0",".286",".301",".588",".054","2.3",".284","18","-9.6",".264","50","2677"
"Xavier Scruggs","Cardinals","11","0.0 %","27.3 %","0.00","0",".273",".300",".573",".100","0.1",".286","1","-0.4",".263","66","7409"
"Ruben Tejada","Mets","488","9.0 %","13.9 %","0.65","3",".299",".290",".589",".075","2.0",".244","35","-18.0",".263","68","5519"
"James Jones","Mariners","235","3.8 %","20.0 %","0.19","16",".280",".309",".590",".058","9.3",".318","17","-8.4",".263","68","9767"
"Jesus Montero","Mariners","82","4.9 %","22.0 %","0.22","0",".256",".338",".594",".117","0.8",".246","6","-3.3",".262","64","5514"
"Chris Stewart","Pirates","367","7.1 %","16.3 %","0.43","2",".295",".279",".574",".056","2.3",".261","26","-14.4",".262","61","3878"
"Zach Walters","Indians","103","7.8 %","37.9 %","0.21","0",".223",".362",".585",".213","1.5",".163","7","-3.8",".262","65","10622"
"Reed Johnson","Nationals","224","1.8 %","18.3 %","0.10","0",".262",".317",".579",".114","4.1",".242","16","-8.7",".261","62","1702"
"Danny Valencia","Blue Jays","239","4.2 %","28.0 %","0.15","0",".247",".345",".592",".133","2.6",".271","17","-9.2",".261","60","6364"
"Rob Brantly","White Sox","204","5.9 %","19.6 %","0.30","0",".289",".294",".583",".053","0.6",".295","14","-8.5",".261","60","10655"
"Craig Stammen","Nationals","12","8.3 %","33.3 %","0.25","0",".273",".300",".573",".100","0.1",".333","1","-0.4",".260","66","7274"
"Jon Singleton","Astros","273","14.7 %","37.7 %","0.39","0",".267",".292",".559",".150","2.2",".198","19","-10.5",".260","63","10441"
"Tomas Telis","Rangers","60","1.7 %","11.7 %","0.14","0",".283",".293",".576",".034","1.5",".294","4","-2.3",".259","57","10067"
"Rymer Liriano","Padres","66","10.6 %","28.8 %","0.37","2",".318",".246",".564",".018","4.6",".333","5","-2.6",".259","66","4779"
"Clint Barmes","Padres","375","5.6 %","18.1 %","0.31","1",".281",".307",".587",".080","2.5",".271","25","-15.8",".259","63","1830"
"JR Murphy","Yankees","71","7.0 %","29.6 %","0.24","0",".282",".292",".574",".062","2.3",".333","5","-2.9",".259","59","10346"
"Clayton Kershaw","Dodgers","133","6.8 %","27.8 %","0.24","1",".281",".282",".563",".073","4.9",".306","9","-5.6",".258","63","2036"
"Reid Brignac","Marlins","170","7.6 %","32.4 %","0.24","1",".268",".316",".584",".110","2.8",".306","11","-7.1",".258","54","8380"
"Yorman Rodriguez","Reds","23","4.3 %","39.1 %","0.11","0",".304",".238",".542",".000","2.9",".417","2","-1.0",".255","57","9922"
"Josh Thole","Blue Jays","225","10.2 %","16.4 %","0.62","0",".288",".258",".546",".056","2.8",".244","14","-10.0",".254","55","9689"
"Gregorio Petit","Yankees","81","0.0 %","25.9 %","0.00","0",".263",".308",".570",".064","2.6",".333","5","-3.4",".254","59","3812"
"Tyler Chatwood","Rockies","45","4.4 %","20.0 %","0.22","0",".286",".275",".561",".025","1.1",".323","3","-2.0",".253","41","4338"
"L.J. Hoes","Astros","184","6.0 %","17.4 %","0.34","5",".279",".284",".563",".053","6.6",".281","12","-8.5",".253","55","6656"
"Kris Medlen","Royals","52","7.7 %","34.6 %","0.22","1",".255",".310",".565",".119","3.6",".292","3","-2.5",".252","55","9417"
"Aaron Hicks","Twins","389","10.0 %","25.7 %","0.39","10",".272",".276",".548",".091","5.9",".245","24","-18.3",".252","54","5297"
"David Ross","Cubs","172","10.5 %","35.5 %","0.30","1",".257",".296",".553",".132","2.6",".241","11","-7.8",".252","52","1551"
"Luis Sardinas","Brewers","96","4.2 %","19.8 %","0.21","5",".280",".273",".552",".034","5.1",".304","6","-4.3",".251","51","13153"
"Mike Olt","Cubs","179","7.8 %","43.0 %","0.18","0",".235",".325",".559",".172","0.5",".221","11","-8.1",".251","54","10698"
"Collin Cowgill","Angels","236","8.5 %","30.1 %","0.28","3",".270",".271",".542",".081","4.7",".267","15","-11.0",".251","61","7250"
"Brennan Boesch","Reds","131","2.3 %","23.7 %","0.10","4",".229",".357",".586",".143","5.6",".247","8","-6.1",".251","57","914"
"Ryan Goins","Blue Jays","250","2.8 %","21.2 %","0.13","0",".251",".315",".566",".088","4.0",".283","15","-11.7",".250","52","9807"
"Luis Jimenez","Brewers","102","2.0 %","26.5 %","0.07","0",".275",".281",".556",".042","3.3",".329","6","-5.0",".250","58","6341"
"Pete Kozma","Cardinals","327","5.8 %","19.6 %","0.30","3",".279",".289",".568",".052","3.4",".293","19","-16.4",".250","55","2539"
"Justin Sellers","Pirates","69","10.1 %","24.6 %","0.41","0",".279",".237",".517",".068","1.9",".220","4","-3.6",".246","55","4006"
"Phil Gosselin","Braves","91","1.1 %","20.9 %","0.05","0",".256",".295",".551",".057","2.6",".294","5","-4.5",".246","54","10953"
"Andrew Romine","Tigers","314","7.6 %","22.6 %","0.34","13",".280",".252",".531",".036","5.2",".282","18","-15.8",".246","52","1159"
"Maikel Franco","Phillies","25","0.0 %","16.0 %","0.00","0",".240",".333",".573",".083","1.6",".286","1","-1.2",".245","52","12179"
"Adam Rosales","Rangers","178","2.8 %","24.2 %","0.12","2",".247",".297",".544",".091","4.1",".261","10","-9.4",".245","48","9682"
"Javier Baez","Cubs","175","6.3 %","39.4 %","0.16","4",".229",".317",".546",".140","4.9",".258","10","-8.7",".245","49","12979"
"Stefen Romero","Mariners","68","2.9 %","25.0 %","0.12","0",".227",".311",".539",".148","4.8",".190","4","-3.4",".244","55","11746"
"Darwin Barney","Dodgers","596","5.7 %","11.6 %","0.49","4",".258",".287",".545",".083","4.2",".220","32","-32.8",".242","47","2430"
"Andrew Lambo","Pirates","93","5.4 %","24.7 %","0.22","0",".237",".307",".543",".114","2.4",".250","5","-5.0",".242","53","5386"
"Jackie Bradley Jr.","Red Sox","353","8.2 %","28.3 %","0.29","7",".259",".269",".527",".078","6.1",".265","19","-19.3",".240","44","12984"
"Tyler Holt","Indians","29","6.9 %","37.9 %","0.18","1",".276",".231",".507",".038","4.9",".333","2","-1.6",".240","51","11391"
"Arismendy Alcantara","Cubs","237","4.6 %","34.6 %","0.13","9",".217",".324",".541",".144","6.8",".244","13","-13.0",".239","46","10711"
"Jeff Baker","Marlins","150","5.3 %","27.3 %","0.20","0",".240",".293",".533",".100","4.8",".255","8","-8.4",".239","44","2073"
"Hector Sanchez","Giants","244","5.7 %","29.9 %","0.19","0",".246",".285",".531",".095","0.9",".255","12","-14.0",".237","52","10289"
"Danny Espinosa","Nationals","422","4.5 %","32.9 %","0.14","4",".236",".295",".531",".115","4.7",".251","22","-24.3",".236","45","9219"
"Tucker Barnhart","Reds","55","7.3 %","20.0 %","0.36","0",".264",".265",".529",".061","0.5",".243","3","-3.1",".235","44","10200"
"Joaquin Arias","Giants","213","2.3 %","18.8 %","0.13","2",".250",".285",".535",".055","5.1",".280","11","-12.7",".235","50","3817"
"Miguel Rojas","Marlins","125","4.8 %","20.0 %","0.24","0",".266",".250",".516",".034","2.2",".267","6","-7.3",".234","48","7802"
"Brett Hayes","Indians","50","0.0 %","30.0 %","0.00","0",".200",".340",".540",".140","1.6",".265","2","-3.0",".234","45","4293"
"Brendan Ryan","Yankees","334","5.7 %","21.6 %","0.26","2",".252",".264",".516",".069","2.1",".239","16","-20.6",".233","43","6073"
"Jeff Francoeur","Phillies","216","4.2 %","24.1 %","0.17","1",".222",".309",".531",".127","4.4",".216","10","-13.5",".233","42","4792"
"Michael Choice","Rangers","198","4.5 %","26.8 %","0.17","1",".227",".288",".515",".109","1.9",".219","9","-11.9",".232","38","11376"
"Drew Butera","Angels","169","7.1 %","20.7 %","0.34","0",".250",".250",".500",".066","3.2",".229","8","-10.4",".230","45","3411"
"Juan Centeno","Brewers","44","6.8 %","11.4 %","0.60","0",".273",".220",".492",".000","0.1",".250","2","-2.8",".229","46","7168"
"Sandy Leon","Red Sox","65","12.3 %","24.6 %","0.50","0",".262",".211",".472",".053","1.5",".200","3","-4.1",".228","39","5273"
"Cameron Rupp","Phillies","83","6.0 %","28.9 %","0.21","0",".241",".256",".497",".064","1.1",".278","4","-5.4",".226","39","11146"
"Donald Lutz","Reds","95","4.2 %","30.5 %","0.14","2",".232",".286",".517",".088","4.4",".279","4","-6.3",".226","36","10154"
"Cliff Lee","Phillies","61","3.3 %","31.1 %","0.11","0",".245",".255",".500",".039","4.3",".344","2","-4.2",".224","36","1636"
"Jon Niese","Mets","93","9.7 %","35.5 %","0.27","0",".258",".213",".471",".038","2.2",".298","4","-6.4",".223","40","4424"
"Tim Federowicz","Padres","174","3.4 %","31.6 %","0.11","0",".218",".307",".524",".117","0.6",".264","7","-12.1",".222","39","8609"
"Joey Terdoslavich","Braves","72","8.3 %","33.3 %","0.25","0",".250",".231",".481",".046","1.9",".286","3","-5.2",".221","35","10593"
"Matt Duffy","Giants","66","4.5 %","21.2 %","0.21","0",".238",".254",".492",".051","1.2",".261","3","-4.4",".221","43","13836"
"James McCann","Tigers","22","0.0 %","13.6 %","0.00","0",".227",".273",".500",".045","2.6",".263","1","-1.5",".220","35","12859"
"Daniel Robertson","Angels","89","6.7 %","20.2 %","0.33","2",".253",".225",".478",".025","6.9",".254","3","-6.1",".220","29","6266"
"Kyle Parker","Rockies","18","0.0 %","50.0 %","0.00","0",".222",".278",".500",".056","1.1",".444","1","-1.2",".220","18","11763"
"Matt Szczur","Cubs","47","10.6 %","19.1 %","0.56","2",".239",".220",".459",".073","6.5",".161","2","-3.2",".218","33","11255"
"Jose Pirela","Yankees","19","5.3 %","15.8 %","0.33","0",".211",".278",".488",".111","5.1",".200","1","-1.4",".216","30","5485"
"Greg Garcia","Cardinals","14","7.1 %","35.7 %","0.20","0",".286",".091",".377",".000","0.1",".167","0","-1.0",".216","33","10951"
"Curt Casali","Rays","63","6.3 %","28.6 %","0.22","0",".246",".214",".460",".036","2.6",".263","2","-4.5",".216","37","12510"
"Jordan Lyles","Rockies","60","5.0 %","41.7 %","0.12","0",".207",".273",".480",".109","1.2",".276","2","-4.5",".216","23","7593"
"Tyler Matzek","Rockies","36","2.8 %","33.3 %","0.08","0",".235",".242",".478",".030","1.9",".333","1","-2.6",".215","16","10058"
"Christian Bethancourt","Braves","120","3.3 %","25.8 %","0.13","2",".233",".235",".468",".035","3.7",".274","4","-9.0",".213","31","10028"
"Madison Bumgarner","Giants","85","5.9 %","34.1 %","0.17","0",".216",".250",".466",".088","2.2",".237","3","-6.6",".213","35","5524"
"Josh Phegley","Athletics","201","2.5 %","22.9 %","0.11","2",".206",".276",".482",".089","2.9",".222","6","-15.8",".212","24","9308"
"Jeff Mathis","Marlins","331","8.2 %","32.9 %","0.25","0",".236",".235",".471",".067","1.3",".251","10","-25.8",".212","27","3448"
"Nate Freiman","Athletics","68","5.9 %","22.1 %","0.27","0",".250",".194",".444",".016","1.2",".234","2","-5.4",".211","29","6582"
"Bryce Brentz","Red Sox","19","0.0 %","42.1 %","0.00","0",".211",".263",".474",".053","2.6",".364","1","-1.5",".208","23","10607"
"Tuffy Gosewisch","Diamondbacks","155","1.3 %","20.6 %","0.06","0",".208",".260",".468",".067","0.6",".237","4","-12.5",".207","21","5277"
"Jaff Decker","Pirates","33","9.1 %","18.2 %","0.50","0",".212",".241",".454",".103","2.9",".130","1","-2.7",".207","31","7945"
"Gerrit Cole","Pirates","77","3.9 %","33.8 %","0.12","0",".222",".232",".454",".043","1.6",".286","2","-6.2",".207","28","13125"
"Jason Hammel","Cubs","47","2.1 %","23.4 %","0.09","0",".227",".233",".460",".023","2.0",".281","1","-3.9",".207","20","4538"
"Jonathan Diaz","Blue Jays","27","3.7 %","29.6 %","0.13","1",".231",".208",".439",".042","6.6",".250","1","-2.1",".206","26","4142"
"C.J. Wilson","Angels","13","15.4 %","46.2 %","0.33","0",".273",".111",".384",".000","2.6",".333","0","-1.1",".206","27","3580"
"Hector Gomez","Brewers","37","2.7 %","37.8 %","0.07","0",".189",".278",".467",".111","2.6",".273","1","-3.0",".205","22","2264"
"Joe Kelly","Red Sox","38","0.0 %","21.1 %","0.00","1",".222",".235",".458",".029","5.6",".259","1","-3.3",".204","22","9761"
"Mike Leake","Reds","109","0.9 %","35.8 %","0.03","0",".178",".283",".461",".121","2.6",".241","3","-9.3",".203","20","10130"
"Cole Hamels","Phillies","105","1.0 %","37.1 %","0.03","0",".209",".247",".456",".056","4.3",".340","3","-8.9",".203","21","4972"
"J.T. Realmuto","Marlins","64","1.6 %","17.2 %","0.09","0",".203",".258",".461",".065","3.7",".231","2","-5.4",".202","22","11739"
"Carlos Sanchez","White Sox","71","2.8 %","29.6 %","0.10","1",".225",".221",".446",".015","4.0",".292","2","-5.9",".201","18","11602"
"Leury Garcia","White Sox","172","6.4 %","35.5 %","0.18","14",".224",".209",".432",".038","8.2",".268","3","-15.3",".197","13","5913"
"Jason Bourgeois","Reds","32","0.0 %","21.9 %","0.00","0",".219",".219",".438",".000","2.2",".280","1","-2.8",".195","16","2225"
"Nick Ahmed","Diamondbacks","80","5.0 %","27.5 %","0.18","0",".200",".224",".424",".066","1.6",".208","2","-7.2",".194","14","12147"
"Mike Minor","Braves","96","3.1 %","33.3 %","0.09","0",".189",".241",".430",".080","1.2",".226","2","-8.8",".193","16","10021"
"Henderson Alvarez","Marlins","68","1.5 %","33.8 %","0.04","0",".203",".224",".428",".034","0.6",".314","1","-6.5",".191","11","5669"
"Jonathan Pettibone","Phillies","27","11.1 %","37.0 %","0.30","0",".222",".167",".389",".042","2.6",".214","0","-2.6",".190","13","7106"
"Jesus Sucre","Mariners","69","2.9 %","15.9 %","0.18","0",".212",".206",".418",".016","0.4",".226","1","-6.7",".189","15","5942"
"David Buchanan","Phillies","39","7.7 %","23.1 %","0.33","0",".206",".194",".399",".065","1.3",".182","1","-3.6",".189","14","11176"
"Addison Russell","Cubs","20","5.0 %","55.0 %","0.09","0",".200",".211",".411",".053","1.1",".375","0","-1.9",".187","12","14106"
"Reymond Fuentes","Royals","30","10.0 %","46.7 %","0.21","3",".233",".148",".381",".000","6.0",".308","0","-3.0",".187","15","10329"
"Kevin Plawecki","Mets","18","5.6 %","22.2 %","0.25","0",".222",".176",".399",".000","2.6",".231","0","-1.7",".187","19","13807"
"Andrew Cashner","Padres","76","1.3 %","40.8 %","0.03","2",".174",".250",".424",".088","8.8",".278","1","-7.4",".186","16","8782"
"Homer Bailey","Reds","101","3.0 %","25.7 %","0.12","0",".212",".185",".397",".012","1.4",".255","1","-10.0",".184","8","8362"
"Jace Peterson","Braves","94","6.4 %","23.4 %","0.27","1",".217",".190",".408",".024","5.9",".219","1","-9.1",".183","13","12325"
"Dan Haren","Marlins","95","3.2 %","31.6 %","0.10","0",".195",".205",".400",".048","0.7",".245","1","-9.2",".183","13","1757"
"Jake Arrieta","Cubs","66","3.0 %","40.9 %","0.07","0",".183",".224",".407",".069","3.7",".290","1","-6.7",".182","8","4153"
"Hernan Perez","Tigers","48","4.2 %","16.7 %","0.25","0",".213",".178",".391",".000","2.6",".216","0","-5.0",".181","4","5751"
"Tyson Ross","Padres","76","2.6 %","42.1 %","0.06","0",".205",".188",".394",".014","1.7",".316","0","-7.9",".181","10","7872"
"Anibal Sanchez","Tigers","13","7.7 %","69.2 %","0.11","0",".182",".200",".382",".100","0.1","1.000","0","-1.4",".179","2","3284"
"Wilfredo Tovar","Mets","16","6.3 %","18.8 %","0.33","1",".267",".154",".421",".000","6.0",".200","0","-1.6",".178","15","10416"
"James Shields","Padres","10","0.0 %","10.0 %","0.00","0",".200",".200",".400",".000","2.6",".222","0","-1.0",".178","15","7059"
"Yovani Gallardo","Rangers","90","1.1 %","36.7 %","0.03","0",".173",".225",".398",".063","1.0",".261","0","-9.5",".176","0","8173"
"Hyun-Jin Ryu","Dodgers","83","2.4 %","33.7 %","0.07","0",".178",".211",".389",".056","1.9",".256","0","-8.9",".174","5","14444"
"Ricky Nolasco","Twins","41","2.4 %","36.6 %","0.07","0",".176",".212",".389",".061","0.6",".278","0","-4.3",".173","7","3830"
"Tony Cingrani","Reds","39","0.0 %","33.3 %","0.00","1",".194",".194",".389",".000","5.5",".304","0","-4.2",".173","-1","12555"
"Randall Delgado","Diamondbacks","36","0.0 %","41.7 %","0.00","0",".194",".194",".387",".000","0.1",".375","0","-4.0",".172","-5","5985"
"Doug Fister","Nationals","46","2.2 %","26.1 %","0.08","0",".184",".189",".373",".027","2.6",".240","0","-4.9",".169","0","9425"
"Ian Kennedy","Padres","103","5.8 %","42.7 %","0.14","0",".172",".184",".356",".069","0.8",".214","0","-11.7",".166","-2","6986"
"Wade Miley","Red Sox","95","2.1 %","22.1 %","0.10","0",".167",".205",".371",".057","0.9",".182","0","-10.7",".166","-7","8779"
"Marco Estrada","Blue Jays","55","5.5 %","32.7 %","0.17","0",".191",".159",".351",".023","0.2",".231","0","-6.2",".166","-7","1118"
"Jhonatan Solano","Marlins","30","6.7 %","20.0 %","0.33","0",".200",".143",".343",".000","1.9",".182","0","-3.5",".164","-7","7515"
"Chris Dominguez","Reds","14","7.1 %","21.4 %","0.33","0",".143",".308",".451",".231","0.1",".000","0","-1.6",".164","6","9718"
"Jason Marquis","Reds","36","0.0 %","16.7 %","0.00","0",".171",".200",".371",".029","1.6",".207","0","-4.2",".163","-1","105"
"Brandon Cumpton","Pirates","24","8.3 %","29.2 %","0.29","0",".200",".111",".311",".000","1.1",".182","0","-2.9",".158","-7","11366"
"Kyle Lohse","Brewers","104","2.9 %","31.7 %","0.09","0",".187",".149",".336",".000","1.5",".241","-1","-12.3",".158","-11","739"
"Andy Wilkins","Blue Jays","42","4.8 %","50.0 %","0.10","0",".167",".175",".342",".050","1.3",".263","0","-4.9",".158","-12","11251"
"Matt Cain","Giants","63","3.2 %","34.9 %","0.09","0",".185",".154",".339",".000","0.1",".267","-1","-7.8",".157","-7","4732"
"Shelby Miller","Braves","104","3.8 %","45.2 %","0.09","0",".167",".165",".331",".047","2.2",".263","-1","-12.7",".155","-10","10197"
"Anthony DeSclafani","Reds","16","6.3 %","50.0 %","0.13","0",".188",".133",".321",".000","0.1",".286","0","-1.9",".154","-10","13050"
"Max Scherzer","Nationals","16","0.0 %","25.0 %","0.00","0",".143",".214",".357",".071","0.1",".200","0","-2.2",".154","-19","3137"
"Jacob deGrom","Mets","53","1.9 %","24.5 %","0.08","0",".167",".170",".337",".021","1.9",".206","-1","-6.3",".153","-4","10954"
"Sean O'Sullivan","Phillies","13","7.7 %","61.5 %","0.13","0",".154",".167",".321",".083","2.6",".250","0","-1.6",".151","-7","9137"
"Julio Teheran","Braves","109","0.0 %","24.8 %","0.00","0",".155",".186",".340",".031","0.4",".214","-2","-13.9",".149","-15","6797"
"Edwin Jackson","Cubs","91","2.2 %","38.5 %","0.06","0",".141",".193",".334",".072","2.4",".191","-2","-11.5",".149","-18","1841"
"Jerome Williams","Phillies","18","0.0 %","27.8 %","0.00","0",".167",".167",".333",".000","0.1",".286","0","-2.3",".149","-9","1137"
"Jeff Samardzija","White Sox","73","1.4 %","39.7 %","0.03","0",".136",".203",".339",".078","1.9",".200","-1","-9.3",".148","-18","3254"
"Eric Stults","Braves","81","0.0 %","32.1 %","0.00","0",".141",".197",".338",".056","0.9",".205","-1","-10.3",".148","-11","8011"
"Kyle Hendricks","Cubs","30","3.3 %","40.0 %","0.08","0",".172",".143",".315",".000","2.0",".250","-1","-3.8",".147","-17","12049"
"Josh Collmenter","Diamondbacks","61","1.6 %","29.5 %","0.06","0",".153",".172",".325",".034","2.3",".200","-1","-7.6",".146","-19","7312"
"Mat Latos","Marlins","99","1.0 %","35.4 %","0.03","0",".156",".169",".324",".022","1.3",".241","-2","-12.7",".145","-18","3815"
"Adam Wainwright","Cardinals","123","2.4 %","26.8 %","0.09","0",".161",".156",".317",".018","1.3",".197","-2","-15.8",".144","-15","2233"
"Kyle Kendrick","Rockies","106","0.9 %","37.7 %","0.03","0",".147",".172",".319",".043","3.4",".226","-2","-13.6",".143","-19","6230"
"Brett Anderson","Dodgers","17","5.9 %","35.3 %","0.17","0",".143",".154",".297",".077","0.1",".143","0","-2.2",".141","-27","8223"
"Gio Gonzalez","Nationals","95","1.1 %","33.7 %","0.03","0",".119",".195",".314",".098","2.2",".125","-2","-12.7",".140","-22","7448"
"Jarred Cosart","Marlins","28","0.0 %","35.7 %","0.00","0",".154",".154",".308",".000","1.1",".250","-1","-3.6",".137","-15","10304"
"Tyler Lyons","Cardinals","19","5.3 %","36.8 %","0.14","0",".167",".118",".284",".000","0.1",".200","-1","-2.6",".137","-22","11334"
"Patrick Corbin","Diamondbacks","51","3.9 %","33.3 %","0.12","0",".149",".136",".285",".045","2.6",".148","-1","-7.1",".137","-30","9323"
"Jordan Zimmermann","Nationals","111","1.8 %","30.6 %","0.06","0",".147",".152",".299",".020","2.4",".197","-3","-15.2",".135","-24","4505"
"Lance Lynn","Cardinals","123","4.9 %","42.3 %","0.12","0",".156",".118",".274",".020","1.1",".200","-4","-17.0",".133","-25","2520"
"Ervin Santana","Twins","69","2.9 %","37.7 %","0.08","0",".148",".136",".283",".017","2.6",".212","-2","-9.4",".131","-24","3200"
"Franklin Morales","Royals","27","11.1 %","44.4 %","0.25","0",".174",".050",".224",".000","1.1",".125","-1","-3.7",".129","-41","5088"
"Johnny Cueto","Reds","78","1.3 %","16.7 %","0.08","0",".147",".134",".281",".000","0.8",".167","-3","-11.0",".128","-30","6893"
"Carlos Villanueva","Cardinals","39","0.0 %","38.5 %","0.00","0",".143",".143",".286",".000","2.0",".250","-2","-5.9",".127","-35","4138"
"Juan Nicasio","Dodgers","51","7.8 %","37.3 %","0.21","0",".163",".079",".242",".000","2.6",".150","-2","-7.2",".126","-44","7731"
"Tanner Roark","Nationals","77","1.3 %","32.5 %","0.04","0",".138",".141",".279",".016","0.2",".205","-3","-11.0",".126","-31","8753"
"Zack Wheeler","Mets","71","2.8 %","31.0 %","0.09","0",".140",".127",".268",".018","0.3",".182","-3","-10.4",".125","-29","10310"
"Stephen Strasburg","Nationals","98","7.1 %","38.8 %","0.18","0",".153",".090",".243",".013","1.0",".150","-4","-14.2",".124","-31","10131"
"Vidal Nuno","Diamondbacks","15","0.0 %","33.3 %","0.00","0",".154",".083",".237",".000","2.6",".143","-1","-2.1",".124","-35","9674"
"Jose Fernandez","Marlins","54","0.0 %","37.0 %","0.00","0",".122",".167",".289",".042","5.1",".207","-2","-8.0",".124","-35","11530"
"Jeff Locke","Pirates","86","3.5 %","43.0 %","0.08","0",".141",".120",".261",".013","1.2",".211","-3","-12.7",".123","-32","2929"
"Francisco Liriano","Pirates","90","5.6 %","27.8 %","0.20","0",".150",".093",".243",".000","0.1",".140","-3","-13.2",".121","-30","3201"
"Jorge de la Rosa","Rockies","85","2.4 %","37.6 %","0.06","0",".141",".118",".259",".000","2.4",".205","-3","-12.7",".121","-53","2047"
"Matt Garza","Brewers","64","3.1 %","31.3 %","0.10","0",".138",".109",".247",".018","3.5",".143","-3","-9.6",".120","-39","3340"
"Ross Detwiler","Rangers","22","9.1 %","59.1 %","0.15","0",".158",".059",".217",".000","1.6",".250","-1","-3.2",".119","-33","2859"
"Taylor Jordan","Nationals","16","0.0 %","25.0 %","0.00","0",".133",".133",".267",".000","0.1",".182","-1","-2.4",".118","-33","10466"
"Tim Lincecum","Giants","98","5.1 %","49.0 %","0.10","0",".136",".108",".245",".024","4.6",".200","-4","-14.7",".118","-30","5705"
"Robbie Erlin","Padres","27","7.4 %","29.6 %","0.25","0",".148",".080",".228",".000","0.1",".118","-1","-4.1",".117","-32","10354"
"Alfredo Simon","Tigers","57","1.8 %","35.1 %","0.05","0",".118",".140",".258",".040","0.6",".167","-2","-8.5",".116","-35","2155"
"Dillon Gee","Mets","94","3.2 %","37.2 %","0.09","0",".136",".103",".238",".000","0.1",".186","-4","-14.5",".113","-35","7396"
"Bronson Arroyo","Diamondbacks","75","0.0 %","36.0 %","0.00","0",".127",".127",".254",".000","2.6",".222","-4","-11.7",".113","-44","978"
"Tyler Skaggs","Angels","10","0.0 %","50.0 %","0.00","0",".125",".125",".250",".000","0.1",".333","0","-1.5",".111","-31","10190"
"Vance Worley","Pirates","39","2.6 %","35.9 %","0.07","0",".118",".121",".239",".030","1.1",".158","-2","-6.0",".110","-37","6435"
"Edinson Volquez","Royals","88","2.3 %","44.3 %","0.05","0",".110",".127",".236",".042","2.6",".161","-4","-13.7",".109","-38","3990"
"Ryan Vogelsong","Giants","77","3.9 %","33.8 %","0.12","0",".125",".101",".226",".014","1.6",".140","-4","-12.3",".108","-38","1011"
"Brandon McCarthy","Dodgers","70","4.3 %","32.9 %","0.13","0",".127",".083",".210",".000","0.1",".135","-4","-11.2",".104","-48","4662"
"Tim Hudson","Giants","78","5.1 %","30.8 %","0.17","0",".129",".062",".190",".000","0.1",".098","-4","-12.6",".100","-42","921"
"Wandy Rodriguez","Rangers","29","0.0 %","34.5 %","0.00","0",".111",".111",".222",".000","0.1",".176","-2","-4.9",".099","-51","2586"
"A.J. Burnett","Pirates","116","3.4 %","45.7 %","0.08","0",".112",".087",".200",".010","1.6",".160","-7","-19.4",".096","-50","512"
"Wily Peralta","Brewers","107","0.9 %","31.8 %","0.03","0",".100",".114",".214",".023","1.6",".145","-6","-17.9",".095","-54","7738"
"John Lackey","Cardinals","23","0.0 %","39.1 %","0.00","0",".105",".105",".211",".000","2.6",".200","-1","-3.8",".094","-40","1507"
"Mike Bolsinger","Dodgers","20","0.0 %","35.0 %","0.00","0",".105",".105",".211",".000","2.6",".167","-1","-3.3",".094","-53","11137"
"Roberto Hernandez","Astros","54","1.9 %","40.7 %","0.05","0",".109",".089",".198",".000","2.0",".174","-3","-9.1",".093","-51","3273"
"Jaime Garcia","Cardinals","31","0.0 %","32.3 %","0.00","0",".107",".074",".181",".000","2.6",".118","-2","-5.0",".089","-34","8137"
"Tim Stauffer","Twins","11","0.0 %","36.4 %","0.00","0",".100",".100",".200",".000","0.1",".167","-1","-1.8",".089","-42","6432"
"Carlos Torres","Mets","20","5.0 %","50.0 %","0.10","0",".111",".059",".170",".000","0.1",".143","-1","-3.6",".088","-56","7624"
"Nathan Eovaldi","Yankees","80","1.3 %","48.8 %","0.03","0",".100",".087",".187",".000","1.3",".200","-5","-13.9",".086","-59","9132"
"Charlie Morton","Pirates","70","1.4 %","38.6 %","0.04","0",".097",".082",".179",".000","1.6",".147","-5","-12.5",".083","-59","4676"
"Eury Perez","Braves","11","0.0 %","36.4 %","0.00","2",".091",".091",".182",".000","7.5",".143","-1","-1.9",".081","-61","10299"
"Chris Heston","Giants","12","0.0 %","16.7 %","0.00","0",".091",".091",".182",".000","0.1",".111","-1","-2.1",".081","-51","10302"
"Michael Wacha","Cardinals","48","0.0 %","43.8 %","0.00","0",".087",".087",".174",".000","1.1",".160","-3","-8.7",".077","-62","14078"
"Blake Treinen","Nationals","10","10.0 %","60.0 %","0.17","0",".111",".000",".111",".000","0.1",".000","-1","-1.8",".077","-64","12572"
"Tom Koehler","Marlins","87","1.1 %","47.1 %","0.02","0",".089",".077",".166",".000","0.4",".162","-6","-15.8",".076","-65","6570"
"Jimmy Nelson","Brewers","26","0.0 %","50.0 %","0.00","0",".083",".083",".167",".000","2.6",".182","-2","-4.8",".074","-62","10547"
"Alex Wood","Braves","61","3.3 %","59.0 %","0.06","0",".088",".055",".142",".000","2.0",".158","-5","-11.3",".071","-61","13781"
"Aaron Harang","Phillies","74","0.0 %","41.9 %","0.00","0",".077",".077",".154",".000","2.6",".147","-6","-14.0",".068","-68","1451"
"Jeanmar Gomez","Phillies","13","0.0 %","69.2 %","0.00","0",".077",".077",".154",".000","0.1",".250","-1","-2.5",".068","-70","9033"
"Chris Rusin","Rockies","14","0.0 %","21.4 %","0.00","0",".077",".077",".154",".000","0.1",".100","-1","-2.7",".068","-71","9895"
"Trevor Cahill","Braves","48","2.1 %","35.4 %","0.06","0",".070",".071",".141",".024","0.1",".080","-4","-9.1",".067","-75","6249"
"Tsuyoshi Wada","Cubs","16","0.0 %","31.3 %","0.00","0",".071",".071",".143",".000","0.1",".111","-1","-3.0",".064","-74","13046"
"Jacob Turner","Cubs","44","2.3 %","43.2 %","0.05","0",".077",".053",".130",".000","0.1",".105","-3","-8.2",".063","-60","10185"
"Gavin Floyd","Indians","15","0.0 %","73.3 %","0.00","0",".067",".067",".133",".000","0.1",".250","-1","-2.9",".059","-73","3886"
"Jesus Aguilar","Indians","15","0.0 %","33.3 %","0.00","0",".067",".067",".133",".000","0.1",".100","-1","-2.9",".059","-74","11342"
"David Phelps","Marlins","15","0.0 %","46.7 %","0.00","0",".077",".000",".077",".000","0.1",".000","-1","-3.0",".056","-69","6316"
"Christian Bergman","Rockies","19","0.0 %","31.6 %","0.00","0",".059",".059",".118",".000","0.1",".091","-2","-3.8",".052","-93","10925"
"Matt Harvey","Mets","52","1.9 %","42.3 %","0.05","0",".061",".042",".103",".000","0.1",".077","-5","-10.7",".050","-78","11713"
"David Hale","Rockies","20","0.0 %","40.0 %","0.00","0",".053",".056",".108",".000","2.6",".091","-2","-4.0",".047","-81","9756"
"Tyler Thornburg","Brewers","18","0.0 %","44.4 %","0.00","0",".063",".000",".063",".000","0.1",".000","-2","-3.9",".045","-75","10688"
"Jake Peavy","Giants","30","0.0 %","40.0 %","0.00","0",".034",".069",".103",".034","2.6",".059","-3","-6.2",".044","-76","1051"
"Jesse Hahn","Athletics","22","0.0 %","54.5 %","0.00","0",".048",".048",".095",".000","2.6",".111","-2","-4.5",".042","-82","13287"
"Brad Hand","Marlins","28","0.0 %","21.4 %","0.00","0",".042",".042",".083",".000","0.1",".056","-3","-5.9",".037","-91","9111"
"Chris Capuano","Yankees","23","4.3 %","17.4 %","0.25","0",".053",".000",".053",".000","2.6",".000","-2","-5.0",".036","-92","1701"
"Bartolo Colon","Mets","70","0.0 %","47.1 %","0.00","0",".032",".048",".080",".016","2.6",".067","-7","-14.8",".035","-86","375"
"Chase Anderson","Diamondbacks","33","0.0 %","33.3 %","0.00","0",".034",".034",".069",".000","0.1",".056","-4","-7.1",".031","-96","6895"
"Yusmeiro Petit","Giants","29","3.4 %","37.9 %","0.09","0",".036",".000",".036",".000","0.1",".000","-3","-6.4",".025","-87","4020"
"Rubby de la Rosa","Diamondbacks","11","0.0 %","27.3 %","0.00","0",".000",".000",".000",".000","0.1",".000","-1","-2.7",".000","-100","3862"
"Jon Lester","Cubs","15","0.0 %","53.3 %","0.00","0",".000",".000",".000",".000","0.1",".000","-2","-3.6",".000","-100","4930"
"Cristhian Adames","Rockies","13","0.0 %","38.5 %","0.00","0",".000",".000",".000",".000","0.1",".000","-2","-3.1",".000","-100","6013"
"Tom Gorzelanny","Tigers","16","0.0 %","50.0 %","0.00","0",".000",".000",".000",".000","0.1",".000","-2","-3.9",".000","-100","6244"
"Mike Fiers","Brewers","31","0.0 %","45.2 %","0.00","0",".000",".000",".000",".000","0.1",".000","-4","-7.4",".000","-100","7754"
"Jenrry Mejia","Mets","23","0.0 %","47.8 %","0.00","0",".000",".000",".000",".000","0.1",".000","-3","-5.6",".000","-100","8476"
"Garrett Richards","Angels","11","0.0 %","36.4 %","0.00","0",".000",".000",".000",".000","0.1",".000","-1","-2.6",".000","-100","9784"
"Johnny Hellweg","Brewers","11","0.0 %","36.4 %","0.00","0",".000",".000",".000",".000","0.1",".000","-1","-2.7",".000","-100","10065"
"Chad Bettis","Rockies","11","0.0 %","27.3 %","0.00","0",".000",".000",".000",".000","0.1",".000","-1","-2.7",".000","-100","10587"
"Carlos Martinez","Cardinals","15","0.0 %","33.3 %","0.00","0",".000",".000",".000",".000","0.1",".000","-2","-3.6",".000","-100","11682"
"Rafael Montero","Mets","13","0.0 %","38.5 %","0.00","0",".000",".000",".000",".000","0.1",".000","-2","-3.1",".000","-100","12760"
"Eddie Butler","Rockies","11","0.0 %","63.6 %","0.00","0",".000",".000",".000",".000","0.1",".000","-1","-2.6",".000","-100","13453"
"Odrisamer Despaigne","Padres","26","0.0 %","30.8 %","0.00","0",".000",".000",".000",".000","0.1",".000","-3","-6.2",".000","-100","16017"
